시도,폐기물 종류,,,2020발생량,총계,,,,공공처리,,,,자가처리,,,,위탁처리,,,
,,,,,재활용,소각,매립,기타,재활용,소각,매립,기타,재활용,소각,매립,기타,재활용,소각,매립,기타
전국,합계,,,17303386.4,9762502.9,5058818.7,2424367.8,57697,4155660.3,4560506.4,2405918.7,42231.1,23127.3,124,0,880.1,5583715.3,498188.3,18449.1,14585.8
전국,혼합배출,소계,,8041965.2,900093.2,4769160.2,2319296.9,53414.9,652373.9,4360658.1,2310224.4,40293.1,0,0,0,0,247719.3,408502.1,9072.5,13121.8
전국,혼합배출,가연성,소계,6929046.9,823543.8,4442355.7,1615130.3,48017.1,612433.6,4072154.4,1611741.6,36694.5,0,0,0,0,211110.2,370201.3,3388.7,11322.6
전국,혼합배출,가연성,폐지류,1829611.5,141755,1230906.1,442544.7,14405.7,133312.5,1153174.3,441642.9,11215.9,0,0,0,0,8442.5,77731.8,901.8,3189.8
전국,혼합배출,가연성,폐합성수지류,1706740.2,237640.2,1075346.7,383556.8,10196.5,184094.9,932545.7,382699.4,7721.4,0,0,0,0,53545.3,142801,857.4,2475.1
전국,혼합배출,가연성,폐고무류,145010.4,36085.4,83844.8,24770.6,309.6,35761.3,78318.6,24621.2,207,0,0,0,0,324.1,5526.2,149.4,102.6
전국,혼합배출,가연성,폐섬유류,370664.1,21433,265154.8,80606.5,3469.8,16205.9,255224.7,80514.1,2614.4,0,0,0,0,5227.1,9930.1,92.4,855.4
전국,혼합배출,가연성,음식물류 폐기물,481839.1,34663.9,342600.9,100359.1,4215.2,28580.7,324991.4,100041.8,3599.2,0,0,0,0,6083.2,17609.5,317.3,616
전국,혼합배출,가연성,폐목재류,415212.3,147898.7,218083,44174.4,5056.2,19669.2,199960.1,43982.6,4027.7,0,0,0,0,128229.5,18122.9,191.8,1028.5
전국,혼합배출,가연성,기타,1979969.3,204067.6,1226419.4,539118.2,10364.1,194809.1,1127939.6,538239.6,7308.9,0,0,0,0,9258.5,98479.8,878.6,3055.2
전국,혼합배출,불연성,소계,852504.4,61078.3,280576.5,506829,4020.6,37657,261151.9,502737.8,3598.6,0,0,0,0,23421.3,19424.6,4091.2,422
전국,혼합배출,불연성,폐금속류,160829.8,10151.3,80210.6,69558.6,909.3,6947.5,76035.1,68952.1,900.5,0,0,0,0,3203.8,4175.5,606.5,8.8
전국,혼합배출,불연성,폐유리류,226757.3,10439.8,102712,112465.6,1139.9,8481.1,95933.5,111933.4,1132,0,0,0,0,1958.7,6778.5,532.2,7.9
전국,혼합배출,불연성,폐토사류,65799.6,9478,11919.2,44357.3,45.1,939.6,10172.3,44274.4,39.9,0,0,0,0,8538.4,1746.9,82.9,5.2
전국,혼합배출,불연성,폐타일 및 도자기류,50142.9,4689.6,5826.5,39567.3,59.5,546.7,5437.6,39076.2,27.6,0,0,0,0,4142.9,388.9,491.1,31.9
전국,혼합배출,불연성,연탄재,44568,8497,5352.2,30587.6,131.2,7628.1,4532,30375.2,131.2,0,0,0,0,868.9,820.2,212.4,0
전국,혼합배출,불연성,기타,304406.8,17822.6,74556,210292.6,1735.6,13114,69041.4,208126.5,1367.4,0,0,0,0,4708.6,5514.6,2166.1,368.2
전국,혼합배출,건설폐재류,건설폐재류(공사장생활폐기물),182655.6,12006.6,17508.5,151763.3,1377.2,53,16698.4,150170.7,0,0,0,0,0,11953.6,810.1,1592.6,1377.2
전국,혼합배출,기타(배출불명등),,77758.3,3464.5,28719.5,45574.3,0,2230.3,10653.4,45574.3,0,0,0,0,0,1234.2,18066.1,0,0
전국,재활용 가능자원 분리배출,소계,,4591042.2,4306252.5,225587.5,56685.2,2517,1207405.1,135777.3,47345.1,1053,0,124,0,0,3098847.4,89686.2,9340.1,1464
전국,재활용 가능자원 분리배출,폐지류,종이팩,56003.2,56003.2,0,0,0,9083.9,0,0,0,0,0,0,0,46919.3,0,0,0
전국,재활용 가능자원 분리배출,폐지류,기타,1336800.9,1336800.9,0,0,0,154207.2,0,0,0,0,0,0,0,1182593.7,0,0,0
전국,재활용 가능자원 분리배출,고철류,,265888.3,265888.3,0,0,0,27372.6,0,0,0,0,0,0,0,238515.7,0,0,0
전국,재활용 가능자원 분리배출,금속캔,,133279.8,133279.8,0,0,0,27411,0,0,0,0,0,0,0,105868.8,0,0,0
전국,재활용 가능자원 분리배출,폐합성수지류,비닐류,446161.1,446161.1,0,0,0,148243.5,0,0,0,0,0,0,0,297917.6,0,0,0
전국,재활용 가능자원 분리배출,폐합성수지류,발포수지류,74814.9,74814.9,0,0,0,25161.3,0,0,0,0,0,0,0,49653.6,0,0,0
전국,재활용 가능자원 분리배출,폐합성수지류,PET병,219142.9,219142.9,0,0,0,87215.1,0,0,0,0,0,0,0,131927.8,0,0,0
전국,재활용 가능자원 분리배출,폐합성수지류,기타,418641.9,418641.9,0,0,0,158986.4,0,0,0,0,0,0,0,259655.5,0,0,0
전국,재활용 가능자원 분리배출,폐고무류,,9404.2,9404.2,0,0,0,993.7,0,0,0,0,0,0,0,8410.5,0,0,0
전국,재활용 가능자원 분리배출,폐유리병류,,291541.4,291541.4,0,0,0,118537.9,0,0,0,0,0,0,0,173003.5,0,0,0
전국,재활용 가능자원 분리배출,폐의류,,82422.7,82422.7,0,0,0,2864.3,0,0,0,0,0,0,0,79558.4,0,0,0
전국,재활용 가능자원 분리배출,폐섬유류,,27083.2,27083.2,0,0,0,2196.8,0,0,0,0,0,0,0,24886.4,0,0,0
전국,재활용 가능자원 분리배출,조명폐기물,,7420.9,7420.9,0,0,0,2793.1,0,0,0,0,0,0,0,4627.8,0,0,0
전국,재활용 가능자원 분리배출,폐전지류,,42327.2,42327.2,0,0,0,2010,0,0,0,0,0,0,0,40317.2,0,0,0
전국,재활용 가능자원 분리배출,영농폐기물,농약용기류,3070.9,3070.9,0,0,0,2412.1,0,0,0,0,0,0,0,658.8,0,0,0
전국,재활용 가능자원 분리배출,영농폐기물,폐비닐,166927.2,166927.2,0,0,0,134369.9,0,0,0,0,0,0,0,32557.3,0,0,0
전국,재활용 가능자원 분리배출,폐식용유,,2955.1,2955.1,0,0,0,373.7,0,0,0,0,0,0,0,2581.4,0,0,0
전국,재활용 가능자원 분리배출,폐전기전자제품,,74814.2,74814.2,0,0,0,36653.6,0,0,0,0,0,0,0,38160.6,0,0,0
전국,재활용 가능자원 분리배출,폐가구류,,153300.4,153300.4,0,0,0,94020.8,0,0,0,0,0,0,0,59279.6,0,0,0
전국,재활용 가능자원 분리배출,기타,,134134,134134,0,0,0,36226.5,0,0,0,0,0,0,0,97907.5,0,0,0
전국,재활용 가능자원 분리배출,재활용 잔재물,,644907.8,360118.1,225587.5,56685.2,2517,136271.7,135777.3,47345.1,1053,0,124,0,0,223846.4,89686.2,9340.1,1464
전국,음식물류 폐기물 분리배출,,,4670379,4556157.2,64071,48385.7,1765.1,2295881.3,64071,48349.2,885,23127.3,0,0,880.1,2237148.6,0,36.5,0
서울,합계,,,3177620,2033960.6,797766.1,345553.3,340,379742.3,730391.5,344031.3,0,5584,0,0,0,1648634.3,67374.6,1522,340
서울,혼합배출,소계,,1180049.4,41323.1,792833,345553.3,340,0,727724.5,344031.3,0,0,0,0,0,41323.1,65108.5,1522,340
서울,혼합배출,가연성,소계,1083297.3,38586.7,752840.6,291530,340,0,694436.1,291530,0,0,0,0,0,38586.7,58404.5,0,340
서울,혼합배출,가연성,폐지류,317827.8,0,213585.4,104242.4,0,0,211883.7,104242.4,0,0,0,0,0,0,1701.7,0,0
서울,혼합배출,가연성,폐합성수지류,251587.1,8619.3,184045.2,58922.6,0,0,135229.7,58922.6,0,0,0,0,0,8619.3,48815.5,0,0
서울,혼합배출,가연성,폐고무류,14989,0,10304.6,4684.4,0,0,10273.5,4684.4,0,0,0,0,0,0,31.1,0,0
서울,혼합배출,가연성,폐섬유류,28651.3,467,20961.7,6882.6,340,0,20869.4,6882.6,0,0,0,0,0,467,92.3,0,340
서울,혼합배출,가연성,음식물류 폐기물,40255.9,0,28320.4,11935.5,0,0,28189.5,11935.5,0,0,0,0,0,0,130.9,0,0
서울,혼합배출,가연성,폐목재류,60996.1,29250.4,25676.2,6069.5,0,0,20792.2,6069.5,0,0,0,0,0,29250.4,4884,0,0
서울,혼합배출,가연성,기타,368990.1,250,269947.1,98793,0,0,267198.1,98793,0,0,0,0,0,250,2749,0,0
서울,혼합배출,불연성,소계,83342,0,32705.5,50636.5,0,0,32362.2,50636.5,0,0,0,0,0,0,343.3,0,0
서울,혼합배출,불연성,폐금속류,11095.4,0,5337.7,5757.7,0,0,5284.6,5757.7,0,0,0,0,0,0,53.1,0,0
서울,혼합배출,불연성,폐유리류,19656.6,0,9309.8,10346.8,0,0,9204.5,10346.8,0,0,0,0,0,0,105.3,0,0
서울,혼합배출,불연성,폐토사류,4688.1,0,2214,2474.1,0,0,2194.2,2474.1,0,0,0,0,0,0,19.8,0,0
서울,혼합배출,불연성,폐타일 및 도자기류,4364.6,0,2240.7,2123.9,0,0,2216.6,2123.9,0,0,0,0,0,0,24.1,0,0
서울,혼합배출,불연성,연탄재,1600.5,0,8.2,1592.3,0,0,8.2,1592.3,0,0,0,0,0,0,0,0,0
서울,혼합배출,불연성,기타,41936.8,0,13595.1,28341.7,0,0,13454.1,28341.7,0,0,0,0,0,0,141,0,0
서울,혼합배출,건설폐재류,건설폐재류(공사장생활폐기물),4258.4,2736.4,0,1522,0,0,0,0,0,0,0,0,0,2736.4,0,1522,0
서울,혼합배출,기타(배출불명등),,9151.7,0,7286.9,1864.8,0,0,926.2,1864.8,0,0,0,0,0,0,6360.7,0,0
서울,재활용 가능자원 분리배출,소계,,1135338.5,1130405.4,4933.1,0,0,195447,2667,0,0,0,0,0,0,934958.4,2266.1,0,0
서울,재활용 가능자원 분리배출,폐지류,종이팩,19747.4,19747.4,0,0,0,3475.9,0,0,0,0,0,0,0,16271.5,0,0,0
서울,재활용 가능자원 분리배출,폐지류,기타,370052.3,370052.3,0,0,0,49340.3,0,0,0,0,0,0,0,320712,0,0,0
서울,재활용 가능자원 분리배출,고철류,,21867.7,21867.7,0,0,0,4066,0,0,0,0,0,0,0,17801.7,0,0,0
서울,재활용 가능자원 분리배출,금속캔,,27334,27334,0,0,0,4235.9,0,0,0,0,0,0,0,23098.1,0,0,0
서울,재활용 가능자원 분리배출,폐합성수지류,비닐류,151453.5,151453.5,0,0,0,30229.2,0,0,0,0,0,0,0,121224.3,0,0,0
서울,재활용 가능자원 분리배출,폐합성수지류,발포수지류,15523.8,15523.8,0,0,0,5083.7,0,0,0,0,0,0,0,10440.1,0,0,0
서울,재활용 가능자원 분리배출,폐합성수지류,PET병,47306.7,47306.7,0,0,0,9983.2,0,0,0,0,0,0,0,37323.5,0,0,0
서울,재활용 가능자원 분리배출,폐합성수지류,기타,127978.7,127978.7,0,0,0,17534.5,0,0,0,0,0,0,0,110444.2,0,0,0
서울,재활용 가능자원 분리배출,폐고무류,,18.5,18.5,0,0,0,13.6,0,0,0,0,0,0,0,4.9,0,0,0
서울,재활용 가능자원 분리배출,폐유리병류,,81383.2,81383.2,0,0,0,16167.6,0,0,0,0,0,0,0,65215.6,0,0,0
서울,재활용 가능자원 분리배출,폐의류,,35626.8,35626.8,0,0,0,205.3,0,0,0,0,0,0,0,35421.5,0,0,0
서울,재활용 가능자원 분리배출,폐섬유류,,11270.1,11270.1,0,0,0,1300,0,0,0,0,0,0,0,9970.1,0,0,0
서울,재활용 가능자원 분리배출,조명폐기물,,1548.7,1548.7,0,0,0,190.5,0,0,0,0,0,0,0,1358.2,0,0,0
서울,재활용 가능자원 분리배출,폐전지류,,590.6,590.6,0,0,0,137.5,0,0,0,0,0,0,0,453.1,0,0,0
서울,재활용 가능자원 분리배출,영농폐기물,농약용기류,0,0,0,0,0,0,0,0,0,0,0,0,0,0,0,0,0
서울,재활용 가능자원 분리배출,영농폐기물,폐비닐,0,0,0,0,0,0,0,0,0,0,0,0,0,0,0,0,0
서울,재활용 가능자원 분리배출,폐식용유,,1913.9,1913.9,0,0,0,207.4,0,0,0,0,0,0,0,1706.5,0,0,0
서울,재활용 가능자원 분리배출,폐전기전자제품,,6957.7,6957.7,0,0,0,303,0,0,0,0,0,0,0,6654.7,0,0,0
서울,재활용 가능자원 분리배출,폐가구류,,33566.7,33566.7,0,0,0,418,0,0,0,0,0,0,0,33148.7,0,0,0
서울,재활용 가능자원 분리배출,기타,,14109.5,14109.5,0,0,0,4963.6,0,0,0,0,0,0,0,9145.9,0,0,0
서울,재활용 가능자원 분리배출,재활용 잔재물,,167088.7,162155.6,4933.1,0,0,47591.8,2667,0,0,0,0,0,0,114563.8,2266.1,0,0
서울,음식물류 폐기물 분리배출,,,862232.1,862232.1,0,0,0,184295.3,0,0,0,5584,0,0,0,672352.8,0,0,0
부산,합계,,,1148394.2,947735.6,162047.7,38610.9,0,353471.2,125135.3,38610.9,0,412.6,0,0,0,593851.8,36912.4,0,0
부산,혼합배출,소계,,335144.3,175541.3,120992.1,38610.9,0,175541.3,120992.1,38610.9,0,0,0,0,0,0,0,0,0
부산,혼합배출,가연성,소계,303896.8,174399.1,104053.2,25444.5,0,174399.1,104053.2,25444.5,0,0,0,0,0,0,0,0,0
부산,혼합배출,가연성,폐지류,96493.1,41252.1,50453.6,4787.4,0,41252.1,50453.6,4787.4,0,0,0,0,0,0,0,0,0
부산,혼합배출,가연성,폐합성수지류,134077.9,92334.6,24561.3,17182,0,92334.6,24561.3,17182,0,0,0,0,0,0,0,0,0
부산,혼합배출,가연성,폐고무류,31030.3,30368.7,121.1,540.5,0,30368.7,121.1,540.5,0,0,0,0,0,0,0,0,0
부산,혼합배출,가연성,폐섬유류,13117.6,519.2,11131.2,1467.2,0,519.2,11131.2,1467.2,0,0,0,0,0,0,0,0,0
부산,혼합배출,가연성,음식물류 폐기물,19872.6,3996.8,14640.1,1235.7,0,3996.8,14640.1,1235.7,0,0,0,0,0,0,0,0,0
부산,혼합배출,가연성,폐목재류,5986.6,2609,3145.9,231.7,0,2609,3145.9,231.7,0,0,0,0,0,0,0,0,0
부산,혼합배출,가연성,기타,3318.7,3318.7,0,0,0,3318.7,0,0,0,0,0,0,0,0,0,0,0
부산,혼합배출,불연성,소계,31247.5,1142.2,16938.9,13166.4,0,1142.2,16938.9,13166.4,0,0,0,0,0,0,0,0,0
부산,혼합배출,불연성,폐금속류,10421.9,680.5,9316.5,424.9,0,680.5,9316.5,424.9,0,0,0,0,0,0,0,0,0
부산,혼합배출,불연성,폐유리류,8238.5,461.7,7622.4,154.4,0,461.7,7622.4,154.4,0,0,0,0,0,0,0,0,0
부산,혼합배출,불연성,폐토사류,309,0,0,309,0,0,0,309,0,0,0,0,0,0,0,0,0
부산,혼합배출,불연성,폐타일 및 도자기류,0,0,0,0,0,0,0,0,0,0,0,0,0,0,0,0,0
부산,혼합배출,불연성,연탄재,0,0,0,0,0,0,0,0,0,0,0,0,0,0,0,0,0
부산,혼합배출,불연성,기타,12278.1,0,0,12278.1,0,0,0,12278.1,0,0,0,0,0,0,0,0,0
부산,혼합배출,건설폐재류,건설폐재류(공사장생활폐기물),0,0,0,0,0,0,0,0,0,0,0,0,0,0,0,0,0
부산,혼합배출,기타(배출불명등),,0,0,0,0,0,0,0,0,0,0,0,0,0,0,0,0,0
부산,재활용 가능자원 분리배출,소계,,571235.6,530180,41055.6,0,0,113319.4,4143.2,0,0,0,0,0,0,416860.6,36912.4,0,0
부산,재활용 가능자원 분리배출,폐지류,종이팩,193,193,0,0,0,179.4,0,0,0,0,0,0,0,13.6,0,0,0
부산,재활용 가능자원 분리배출,폐지류,기타,253673.8,253673.8,0,0,0,17555.9,0,0,0,0,0,0,0,236117.9,0,0,0
부산,재활용 가능자원 분리배출,고철류,,39731.6,39731.6,0,0,0,908.4,0,0,0,0,0,0,0,38823.2,0,0,0
부산,재활용 가능자원 분리배출,금속캔,,34727.2,34727.2,0,0,0,2281.1,0,0,0,0,0,0,0,32446.1,0,0,0
부산,재활용 가능자원 분리배출,폐합성수지류,비닐류,61042.9,61042.9,0,0,0,20175.8,0,0,0,0,0,0,0,40867.1,0,0,0
부산,재활용 가능자원 분리배출,폐합성수지류,발포수지류,7588.3,7588.3,0,0,0,2572.6,0,0,0,0,0,0,0,5015.7,0,0,0
부산,재활용 가능자원 분리배출,폐합성수지류,PET병,5408.1,5408.1,0,0,0,5210.1,0,0,0,0,0,0,0,198,0,0,0
부산,재활용 가능자원 분리배출,폐합성수지류,기타,80772.4,80772.4,0,0,0,33999.2,0,0,0,0,0,0,0,46773.2,0,0,0
부산,재활용 가능자원 분리배출,폐고무류,,0,0,0,0,0,0,0,0,0,0,0,0,0,0,0,0,0
부산,재활용 가능자원 분리배출,폐유리병류,,21096.4,21096.4,0,0,0,19616.1,0,0,0,0,0,0,0,1480.3,0,0,0
부산,재활용 가능자원 분리배출,폐의류,,9854.5,9854.5,0,0,0,32.4,0,0,0,0,0,0,0,9822.1,0,0,0
부산,재활용 가능자원 분리배출,폐섬유류,,0,0,0,0,0,0,0,0,0,0,0,0,0,0,0,0,0
부산,재활용 가능자원 분리배출,조명폐기물,,396.6,396.6,0,0,0,373.4,0,0,0,0,0,0,0,23.2,0,0,0
부산,재활용 가능자원 분리배출,폐전지류,,249.5,249.5,0,0,0,230.5,0,0,0,0,0,0,0,19,0,0,0
부산,재활용 가능자원 분리배출,영농폐기물,농약용기류,5.2,5.2,0,0,0,5.2,0,0,0,0,0,0,0,0,0,0,0
부산,재활용 가능자원 분리배출,영농폐기물,폐비닐,234.2,234.2,0,0,0,234.2,0,0,0,0,0,0,0,0,0,0,0
부산,재활용 가능자원 분리배출,폐식용유,,0,0,0,0,0,0,0,0,0,0,0,0,0,0,0,0,0
부산,재활용 가능자원 분리배출,폐전기전자제품,,10953.2,10953.2,0,0,0,9936.1,0,0,0,0,0,0,0,1017.1,0,0,0
부산,재활용 가능자원 분리배출,폐가구류,,0,0,0,0,0,0,0,0,0,0,0,0,0,0,0,0,0
부산,재활용 가능자원 분리배출,기타,,4253.1,4253.1,0,0,0,9,0,0,0,0,0,0,0,4244.1,0,0,0
부산,재활용 가능자원 분리배출,재활용 잔재물,,41055.6,0,41055.6,0,0,0,4143.2,0,0,0,0,0,0,0,36912.4,0,0
부산,음식물류 폐기물 분리배출,,,242014.3,242014.3,0,0,0,64610.5,0,0,0,412.6,0,0,0,176991.2,0,0,0
대구,합계,,,938049.8,620537.1,90841.7,226671,0,329050.5,89787.4,220971.3,0,227.1,0,0,0,291259.5,1054.3,5699.7,0
대구,혼합배출,소계,,442825.6,138763.7,84199.5,219862.4,0,138763.7,84199.5,219862.4,0,0,0,0,0,0,0,0,0
대구,혼합배출,가연성,소계,336358.4,130411.9,78236.8,127709.7,0,130411.9,78236.8,127709.7,0,0,0,0,0,0,0,0,0
대구,혼합배출,가연성,폐지류,78412.2,25536.6,18537.1,34338.5,0,25536.6,18537.1,34338.5,0,0,0,0,0,0,0,0,0
대구,혼합배출,가연성,폐합성수지류,70208.7,22889.4,16563.5,30755.8,0,22889.4,16563.5,30755.8,0,0,0,0,0,0,0,0,0
대구,혼합배출,가연성,폐고무류,2448.8,807.4,619.1,1022.3,0,807.4,619.1,1022.3,0,0,0,0,0,0,0,0,0
대구,혼합배출,가연성,폐섬유류,14466.5,4793.2,3208.5,6464.8,0,4793.2,3208.5,6464.8,0,0,0,0,0,0,0,0,0
대구,혼합배출,가연성,음식물류 폐기물,20727.4,6867.7,4597.1,9262.6,0,6867.7,4597.1,9262.6,0,0,0,0,0,0,0,0,0
대구,혼합배출,가연성,폐목재류,6314.2,2071,1470.1,2773.1,0,2071,1470.1,2773.1,0,0,0,0,0,0,0,0,0
대구,혼합배출,가연성,기타,143780.6,67446.6,33241.4,43092.6,0,67446.6,33241.4,43092.6,0,0,0,0,0,0,0,0,0
대구,혼합배출,불연성,소계,25426.5,8351.8,5849.4,11225.3,0,8351.8,5849.4,11225.3,0,0,0,0,0,0,0,0,0
대구,혼합배출,불연성,폐금속류,5643.9,1809.5,1314.1,2520.3,0,1809.5,1314.1,2520.3,0,0,0,0,0,0,0,0,0
대구,혼합배출,불연성,폐유리류,8034.7,2645.3,1846.9,3542.5,0,2645.3,1846.9,3542.5,0,0,0,0,0,0,0,0,0
대구,혼합배출,불연성,폐토사류,1119.8,384.2,262.6,473,0,384.2,262.6,473,0,0,0,0,0,0,0,0,0
대구,혼합배출,불연성,폐타일 및 도자기류,606.4,200.9,134.5,271,0,200.9,134.5,271,0,0,0,0,0,0,0,0,0
대구,혼합배출,불연성,연탄재,30.5,10,6.8,13.7,0,10,6.8,13.7,0,0,0,0,0,0,0,0,0
대구,혼합배출,불연성,기타,9991.2,3301.9,2284.5,4404.8,0,3301.9,2284.5,4404.8,0,0,0,0,0,0,0,0,0
대구,혼합배출,건설폐재류,건설폐재류(공사장생활폐기물),81040.7,0,113.3,80927.4,0,0,113.3,80927.4,0,0,0,0,0,0,0,0,0
대구,혼합배출,기타(배출불명등),,0,0,0,0,0,0,0,0,0,0,0,0,0,0,0,0,0
대구,재활용 가능자원 분리배출,소계,,275334.8,261884,6642.2,6808.6,0,60609.5,5587.9,1108.9,0,0,0,0,0,201274.5,1054.3,5699.7,0
대구,재활용 가능자원 분리배출,폐지류,종이팩,8100,8100,0,0,0,98.2,0,0,0,0,0,0,0,8001.8,0,0,0
대구,재활용 가능자원 분리배출,폐지류,기타,58553.8,58553.8,0,0,0,642.4,0,0,0,0,0,0,0,57911.4,0,0,0
대구,재활용 가능자원 분리배출,고철류,,19087.1,19087.1,0,0,0,271.8,0,0,0,0,0,0,0,18815.3,0,0,0
대구,재활용 가능자원 분리배출,금속캔,,11163.4,11163.4,0,0,0,614.3,0,0,0,0,0,0,0,10549.1,0,0,0
대구,재활용 가능자원 분리배출,폐합성수지류,비닐류,22461.1,22461.1,0,0,0,11167.9,0,0,0,0,0,0,0,11293.2,0,0,0
대구,재활용 가능자원 분리배출,폐합성수지류,발포수지류,3321.4,3321.4,0,0,0,1013.4,0,0,0,0,0,0,0,2308,0,0,0
대구,재활용 가능자원 분리배출,폐합성수지류,PET병,20979.6,20979.6,0,0,0,7790.6,0,0,0,0,0,0,0,13189,0,0,0
대구,재활용 가능자원 분리배출,폐합성수지류,기타,15824.6,15824.6,0,0,0,2817.3,0,0,0,0,0,0,0,13007.3,0,0,0
대구,재활용 가능자원 분리배출,폐고무류,,3.8,3.8,0,0,0,3.8,0,0,0,0,0,0,0,0,0,0,0
대구,재활용 가능자원 분리배출,폐유리병류,,29065.6,29065.6,0,0,0,10709.4,0,0,0,0,0,0,0,18356.2,0,0,0
대구,재활용 가능자원 분리배출,폐의류,,5873,5873,0,0,0,0,0,0,0,0,0,0,0,5873,0,0,0
대구,재활용 가능자원 분리배출,폐섬유류,,7358.4,7358.4,0,0,0,0,0,0,0,0,0,0,0,7358.4,0,0,0
대구,재활용 가능자원 분리배출,조명폐기물,,195.4,195.4,0,0,0,97.4,0,0,0,0,0,0,0,98,0,0,0
대구,재활용 가능자원 분리배출,폐전지류,,357.6,357.6,0,0,0,96,0,0,0,0,0,0,0,261.6,0,0,0
대구,재활용 가능자원 분리배출,영농폐기물,농약용기류,0,0,0,0,0,0,0,0,0,0,0,0,0,0,0,0,0
대구,재활용 가능자원 분리배출,영농폐기물,폐비닐,393.4,393.4,0,0,0,393.4,0,0,0,0,0,0,0,0,0,0,0
대구,재활용 가능자원 분리배출,폐식용유,,614.4,614.4,0,0,0,0,0,0,0,0,0,0,0,614.4,0,0,0
대구,재활용 가능자원 분리배출,폐전기전자제품,,5612.9,5612.9,0,0,0,288.7,0,0,0,0,0,0,0,5324.2,0,0,0
대구,재활용 가능자원 분리배출,폐가구류,,5433.4,5433.4,0,0,0,0,0,0,0,0,0,0,0,5433.4,0,0,0
대구,재활용 가능자원 분리배출,기타,,7039.1,7039.1,0,0,0,629.6,0,0,0,0,0,0,0,6409.5,0,0,0
대구,재활용 가능자원 분리배출,재활용 잔재물,,53896.8,40446,6642.2,6808.6,0,23975.3,5587.9,1108.9,0,0,0,0,0,16470.7,1054.3,5699.7,0
대구,음식물류 폐기물 분리배출,,,219889.4,219889.4,0,0,0,129677.3,0,0,0,227.1,0,0,0,89985,0,0,0
인천,합계,,,731850.7,399350.4,219634.7,112865.6,0,143335.6,198306.9,112795,0,237.9,0,0,0,255776.9,21327.8,70.6,0
인천,혼합배출,소계,,368460.1,47941.6,207652.9,112865.6,0,34858.9,196044.5,112795,0,0,0,0,0,13082.7,11608.4,70.6,0
인천,혼합배출,가연성,소계,340755,45126.2,193722.3,101906.5,0,34021,182748.2,101906.5,0,0,0,0,0,11105.2,10974.1,0,0
인천,혼합배출,가연성,폐지류,79839,8553.5,45818.8,25466.7,0,8553.5,44904,25466.7,0,0,0,0,0,0,914.8,0,0
인천,혼합배출,가연성,폐합성수지류,67381.9,4055.1,42365.6,20961.2,0,4055.1,36465.3,20961.2,0,0,0,0,0,0,5900.3,0,0
인천,혼합배출,가연성,폐고무류,2263.1,259.1,1298.3,705.7,0,259.1,1270.6,705.7,0,0,0,0,0,0,27.7,0,0
인천,혼합배출,가연성,폐섬유류,16090.2,1891.3,9223.7,4975.2,0,1891.3,9016.6,4975.2,0,0,0,0,0,0,207.1,0,0
인천,혼합배출,가연성,음식물류 폐기물,23670.1,2668.8,13575.3,7426,0,2668.8,13289.9,7426,0,0,0,0,0,0,285.4,0,0
인천,혼합배출,가연성,폐목재류,16846.3,11315.3,3555.5,1975.5,0,210.1,3477.6,1975.5,0,0,0,0,0,11105.2,77.9,0,0
인천,혼합배출,가연성,기타,134664.4,16383.1,77885.1,40396.2,0,16383.1,74324.2,40396.2,0,0,0,0,0,0,3560.9,0,0
인천,혼합배출,불연성,소계,27166.9,2815.4,13489.7,10861.8,0,837.9,13259.4,10861.8,0,0,0,0,0,1977.5,230.3,0,0
인천,혼합배출,불연성,폐금속류,6200.6,184,3235.5,2781.1,0,184,3184.9,2781.1,0,0,0,0,0,0,50.6,0,0
인천,혼합배출,불연성,폐유리류,7043.2,551.2,4014.5,2477.5,0,258.7,3943.4,2477.5,0,0,0,0,0,292.5,71.1,0,0
인천,혼합배출,불연성,폐토사류,2588.8,1581.7,626.7,380.4,0,36.8,616.6,380.4,0,0,0,0,0,1544.9,10.1,0,0
인천,혼합배출,불연성,폐타일 및 도자기류,1112.3,162.6,386.8,562.9,0,22.5,380.6,562.9,0,0,0,0,0,140.1,6.2,0,0
인천,혼합배출,불연성,연탄재,460.9,1.2,11.1,448.6,0,1.2,10.8,448.6,0,0,0,0,0,0,0.3,0,0
인천,혼합배출,불연성,기타,9761.1,334.7,5215.1,4211.3,0,334.7,5123.1,4211.3,0,0,0,0,0,0,92,0,0
인천,혼합배출,건설폐재류,건설폐재류(공사장생활폐기물),198.8,0,128.2,70.6,0,0,0,0,0,0,0,0,0,0,128.2,70.6,0
인천,혼합배출,기타(배출불명등),,339.4,0,312.7,26.7,0,0,36.9,26.7,0,0,0,0,0,0,275.8,0,0
인천,재활용 가능자원 분리배출,소계,,134786.1,122804.3,11981.8,0,0,9196.5,2262.4,0,0,0,0,0,0,113607.8,9719.4,0,0
인천,재활용 가능자원 분리배출,폐지류,종이팩,135,135,0,0,0,18.1,0,0,0,0,0,0,0,116.9,0,0,0
인천,재활용 가능자원 분리배출,폐지류,기타,32662,32662,0,0,0,3511.4,0,0,0,0,0,0,0,29150.6,0,0,0
인천,재활용 가능자원 분리배출,고철류,,3193.6,3193.6,0,0,0,357.3,0,0,0,0,0,0,0,2836.3,0,0,0
인천,재활용 가능자원 분리배출,금속캔,,3879,3879,0,0,0,231.8,0,0,0,0,0,0,0,3647.2,0,0,0
인천,재활용 가능자원 분리배출,폐합성수지류,비닐류,31589.5,31589.5,0,0,0,1050,0,0,0,0,0,0,0,30539.5,0,0,0
인천,재활용 가능자원 분리배출,폐합성수지류,발포수지류,1810.2,1810.2,0,0,0,13.2,0,0,0,0,0,0,0,1797,0,0,0
인천,재활용 가능자원 분리배출,폐합성수지류,PET병,3558,3558,0,0,0,151.8,0,0,0,0,0,0,0,3406.2,0,0,0
인천,재활용 가능자원 분리배출,폐합성수지류,기타,11412.8,11412.8,0,0,0,905.1,0,0,0,0,0,0,0,10507.7,0,0,0
인천,재활용 가능자원 분리배출,폐고무류,,0,0,0,0,0,0,0,0,0,0,0,0,0,0,0,0,0
인천,재활용 가능자원 분리배출,폐유리병류,,10169.9,10169.9,0,0,0,1049.6,0,0,0,0,0,0,0,9120.3,0,0,0
인천,재활용 가능자원 분리배출,폐의류,,3015.8,3015.8,0,0,0,0,0,0,0,0,0,0,0,3015.8,0,0,0
인천,재활용 가능자원 분리배출,폐섬유류,,0,0,0,0,0,0,0,0,0,0,0,0,0,0,0,0,0
인천,재활용 가능자원 분리배출,조명폐기물,,315.3,315.3,0,0,0,0,0,0,0,0,0,0,0,315.3,0,0,0
인천,재활용 가능자원 분리배출,폐전지류,,227.9,227.9,0,0,0,75.2,0,0,0,0,0,0,0,152.7,0,0,0
인천,재활용 가능자원 분리배출,영농폐기물,농약용기류,3.9,3.9,0,0,0,0,0,0,0,0,0,0,0,3.9,0,0,0
인천,재활용 가능자원 분리배출,영농폐기물,폐비닐,709.6,709.6,0,0,0,20.9,0,0,0,0,0,0,0,688.7,0,0,0
인천,재활용 가능자원 분리배출,폐식용유,,0,0,0,0,0,0,0,0,0,0,0,0,0,0,0,0,0
인천,재활용 가능자원 분리배출,폐전기전자제품,,3571.2,3571.2,0,0,0,272,0,0,0,0,0,0,0,3299.2,0,0,0
인천,재활용 가능자원 분리배출,폐가구류,,700.8,700.8,0,0,0,0,0,0,0,0,0,0,0,700.8,0,0,0
인천,재활용 가능자원 분리배출,기타,,262.3,262.3,0,0,0,112.5,0,0,0,0,0,0,0,149.8,0,0,0
인천,재활용 가능자원 분리배출,재활용 잔재물,,27569.3,15587.5,11981.8,0,0,1427.6,2262.4,0,0,0,0,0,0,14159.9,9719.4,0,0
인천,음식물류 폐기물 분리배출,,,228604.5,228604.5,0,0,0,99280.2,0,0,0,237.9,0,0,0,129086.4,0,0,0
광주,합계,,,420659.4,236336,13906.1,170417.3,0,143973.9,0,170417.3,0,289.7,0,0,0,92072.4,13906.1,0,0
광주,혼합배출,소계,,202193.3,17869.9,13906.1,170417.3,0,0,0,170417.3,0,0,0,0,0,17869.9,13906.1,0,0
광주,혼합배출,가연성,소계,175214.4,17439.9,11033,146741.5,0,0,0,146741.5,0,0,0,0,0,17439.9,11033,0,0
광주,혼합배출,가연성,폐지류,31505,0,298,31207,0,0,0,31207,0,0,0,0,0,0,298,0,0
광주,혼합배출,가연성,폐합성수지류,28732.6,157,269.5,28306.1,0,0,0,28306.1,0,0,0,0,0,157,269.5,0,0
광주,혼합배출,가연성,폐고무류,951.5,0,9,942.5,0,0,0,942.5,0,0,0,0,0,0,9,0,0
광주,혼합배출,가연성,폐섬유류,6792.5,0,7.1,6785.4,0,0,0,6785.4,0,0,0,0,0,0,7.1,0,0
광주,혼합배출,가연성,음식물류 폐기물,9743.5,0,9.3,9734.2,0,0,0,9734.2,0,0,0,0,0,0,9.3,0,0
광주,혼합배출,가연성,폐목재류,22493.6,17282.9,0,5210.7,0,0,0,5210.7,0,0,0,0,0,17282.9,0,0,0
광주,혼합배출,가연성,기타,74995.7,0,10440.1,64555.6,0,0,0,64555.6,0,0,0,0,0,0,10440.1,0,0
광주,혼합배출,불연성,소계,11786.1,430,101.2,11254.9,0,0,0,11254.9,0,0,0,0,0,430,101.2,0,0
광주,혼합배출,불연성,폐금속류,2926.5,430,22.2,2474.3,0,0,0,2474.3,0,0,0,0,0,430,22.2,0,0
광주,혼합배출,불연성,폐유리류,3171,0,31.2,3139.8,0,0,0,3139.8,0,0,0,0,0,0,31.2,0,0
광주,혼합배출,불연성,폐토사류,450.1,0,4.4,445.7,0,0,0,445.7,0,0,0,0,0,0,4.4,0,0
광주,혼합배출,불연성,폐타일 및 도자기류,268.8,0,2.7,266.1,0,0,0,266.1,0,0,0,0,0,0,2.7,0,0
광주,혼합배출,불연성,연탄재,45.9,0,0.1,45.8,0,0,0,45.8,0,0,0,0,0,0,0.1,0,0
광주,혼합배출,불연성,기타,4923.8,0,40.6,4883.2,0,0,0,4883.2,0,0,0,0,0,0,40.6,0,0
광주,혼합배출,건설폐재류,건설폐재류(공사장생활폐기물),0,0,0,0,0,0,0,0,0,0,0,0,0,0,0,0,0
광주,혼합배출,기타(배출불명등),,15192.8,0,2771.9,12420.9,0,0,0,12420.9,0,0,0,0,0,0,2771.9,0,0
광주,재활용 가능자원 분리배출,소계,,56822.2,56822.2,0,0,0,15185.7,0,0,0,0,0,0,0,41636.5,0,0,0
광주,재활용 가능자원 분리배출,폐지류,종이팩,84.7,84.7,0,0,0,79.8,0,0,0,0,0,0,0,4.9,0,0,0
광주,재활용 가능자원 분리배출,폐지류,기타,6164.9,6164.9,0,0,0,791.3,0,0,0,0,0,0,0,5373.6,0,0,0
광주,재활용 가능자원 분리배출,고철류,,236,236,0,0,0,58.7,0,0,0,0,0,0,0,177.3,0,0,0
광주,재활용 가능자원 분리배출,금속캔,,509.9,509.9,0,0,0,286.6,0,0,0,0,0,0,0,223.3,0,0,0
광주,재활용 가능자원 분리배출,폐합성수지류,비닐류,10400.6,10400.6,0,0,0,5458.8,0,0,0,0,0,0,0,4941.8,0,0,0
광주,재활용 가능자원 분리배출,폐합성수지류,발포수지류,1153.8,1153.8,0,0,0,512.5,0,0,0,0,0,0,0,641.3,0,0,0
광주,재활용 가능자원 분리배출,폐합성수지류,PET병,9004.6,9004.6,0,0,0,1120.8,0,0,0,0,0,0,0,7883.8,0,0,0
광주,재활용 가능자원 분리배출,폐합성수지류,기타,2291.1,2291.1,0,0,0,1236,0,0,0,0,0,0,0,1055.1,0,0,0
광주,재활용 가능자원 분리배출,폐고무류,,0,0,0,0,0,0,0,0,0,0,0,0,0,0,0,0,0
광주,재활용 가능자원 분리배출,폐유리병류,,5779.8,5779.8,0,0,0,1497.2,0,0,0,0,0,0,0,4282.6,0,0,0
광주,재활용 가능자원 분리배출,폐의류,,137.2,137.2,0,0,0,0,0,0,0,0,0,0,0,137.2,0,0,0
광주,재활용 가능자원 분리배출,폐섬유류,,0,0,0,0,0,0,0,0,0,0,0,0,0,0,0,0,0
광주,재활용 가능자원 분리배출,조명폐기물,,161.3,161.3,0,0,0,144.8,0,0,0,0,0,0,0,16.5,0,0,0
광주,재활용 가능자원 분리배출,폐전지류,,103,103,0,0,0,91.2,0,0,0,0,0,0,0,11.8,0,0,0
광주,재활용 가능자원 분리배출,영농폐기물,농약용기류,0.8,0.8,0,0,0,0,0,0,0,0,0,0,0,0.8,0,0,0
광주,재활용 가능자원 분리배출,영농폐기물,폐비닐,297.8,297.8,0,0,0,263.5,0,0,0,0,0,0,0,34.3,0,0,0
광주,재활용 가능자원 분리배출,폐식용유,,0,0,0,0,0,0,0,0,0,0,0,0,0,0,0,0,0
광주,재활용 가능자원 분리배출,폐전기전자제품,,1452.8,1452.8,0,0,0,1013.3,0,0,0,0,0,0,0,439.5,0,0,0
광주,재활용 가능자원 분리배출,폐가구류,,0,0,0,0,0,0,0,0,0,0,0,0,0,0,0,0,0
광주,재활용 가능자원 분리배출,기타,,4029.7,4029.7,0,0,0,0,0,0,0,0,0,0,0,4029.7,0,0,0
광주,재활용 가능자원 분리배출,재활용 잔재물,,15014.2,15014.2,0,0,0,2631.2,0,0,0,0,0,0,0,12383,0,0,0
광주,음식물류 폐기물 분리배출,,,161643.9,161643.9,0,0,0,128788.2,0,0,0,289.7,0,0,0,32566,0,0,0
대전,합계,,,498151.8,365156.5,49455.7,83539.6,0,163818.8,49455.7,83539.6,0,1405.6,0,0,0,199932.1,0,0,0
대전,혼합배출,소계,,233028.3,100033,49455.7,83539.6,0,95787,49455.7,83539.6,0,0,0,0,0,4246,0,0,0
대전,혼합배출,가연성,소계,208689.1,92372.1,45235.9,71081.1,0,88298.1,45235.9,71081.1,0,0,0,0,0,4074,0,0,0
대전,혼합배출,가연성,폐지류,45629.8,19700.5,10062.5,15866.8,0,19700.5,10062.5,15866.8,0,0,0,0,0,0,0,0,0
대전,혼합배출,가연성,폐합성수지류,41863,18038.5,9324.8,14499.7,0,18038.5,9324.8,14499.7,0,0,0,0,0,0,0,0,0
대전,혼합배출,가연성,폐고무류,1693.9,712.6,421.6,559.7,0,712.6,421.6,559.7,0,0,0,0,0,0,0,0,0
대전,혼합배출,가연성,폐섬유류,9879.7,4268.4,2170.3,3441,0,4268.4,2170.3,3441,0,0,0,0,0,0,0,0,0
대전,혼합배출,가연성,음식물류 폐기물,13988.5,6054.3,3046.3,4887.9,0,6054.3,3046.3,4887.9,0,0,0,0,0,0,0,0,0
대전,혼합배출,가연성,폐목재류,8453.5,5935.6,1042.9,1475,0,1861.6,1042.9,1475,0,0,0,0,0,4074,0,0,0
대전,혼합배출,가연성,기타,87180.7,37662.2,19167.5,30351,0,37662.2,19167.5,30351,0,0,0,0,0,0,0,0,0
대전,혼합배출,불연성,소계,16409.4,7140.2,3694.6,5574.6,0,6968.2,3694.6,5574.6,0,0,0,0,0,172,0,0,0
대전,혼합배출,불연성,폐금속류,3595.5,1648.9,758,1188.6,0,1476.9,758,1188.6,0,0,0,0,0,172,0,0,0
대전,혼합배출,불연성,폐유리류,4754.6,2054.7,1044.5,1655.4,0,2054.7,1044.5,1655.4,0,0,0,0,0,0,0,0,0
대전,혼합배출,불연성,폐토사류,767.4,326.8,182.7,257.9,0,326.8,182.7,257.9,0,0,0,0,0,0,0,0,0
대전,혼합배출,불연성,폐타일 및 도자기류,555.8,231.9,144.1,179.8,0,231.9,144.1,179.8,0,0,0,0,0,0,0,0,0
대전,혼합배출,불연성,연탄재,154.2,58.8,54.9,40.5,0,58.8,54.9,40.5,0,0,0,0,0,0,0,0,0
대전,혼합배출,불연성,기타,6581.9,2819.1,1510.4,2252.4,0,2819.1,1510.4,2252.4,0,0,0,0,0,0,0,0,0
대전,혼합배출,건설폐재류,건설폐재류(공사장생활폐기물),6531.7,0,0,6531.7,0,0,0,6531.7,0,0,0,0,0,0,0,0,0
대전,혼합배출,기타(배출불명등),,1398.1,520.7,525.2,352.2,0,520.7,525.2,352.2,0,0,0,0,0,0,0,0,0
대전,재활용 가능자원 분리배출,소계,,109915.3,109915.3,0,0,0,0,0,0,0,0,0,0,0,109915.3,0,0,0
대전,재활용 가능자원 분리배출,폐지류,종이팩,231.3,231.3,0,0,0,0,0,0,0,0,0,0,0,231.3,0,0,0
대전,재활용 가능자원 분리배출,폐지류,기타,27072.2,27072.2,0,0,0,0,0,0,0,0,0,0,0,27072.2,0,0,0
대전,재활용 가능자원 분리배출,고철류,,1050.9,1050.9,0,0,0,0,0,0,0,0,0,0,0,1050.9,0,0,0
대전,재활용 가능자원 분리배출,금속캔,,3212.4,3212.4,0,0,0,0,0,0,0,0,0,0,0,3212.4,0,0,0
대전,재활용 가능자원 분리배출,폐합성수지류,비닐류,16992.2,16992.2,0,0,0,0,0,0,0,0,0,0,0,16992.2,0,0,0
대전,재활용 가능자원 분리배출,폐합성수지류,발포수지류,10628.3,10628.3,0,0,0,0,0,0,0,0,0,0,0,10628.3,0,0,0
대전,재활용 가능자원 분리배출,폐합성수지류,PET병,3727.4,3727.4,0,0,0,0,0,0,0,0,0,0,0,3727.4,0,0,0
대전,재활용 가능자원 분리배출,폐합성수지류,기타,11638.6,11638.6,0,0,0,0,0,0,0,0,0,0,0,11638.6,0,0,0
대전,재활용 가능자원 분리배출,폐고무류,,0,0,0,0,0,0,0,0,0,0,0,0,0,0,0,0,0
대전,재활용 가능자원 분리배출,폐유리병류,,7445.5,7445.5,0,0,0,0,0,0,0,0,0,0,0,7445.5,0,0,0
대전,재활용 가능자원 분리배출,폐의류,,1948,1948,0,0,0,0,0,0,0,0,0,0,0,1948,0,0,0
대전,재활용 가능자원 분리배출,폐섬유류,,0,0,0,0,0,0,0,0,0,0,0,0,0,0,0,0,0
대전,재활용 가능자원 분리배출,조명폐기물,,254.1,254.1,0,0,0,0,0,0,0,0,0,0,0,254.1,0,0,0
대전,재활용 가능자원 분리배출,폐전지류,,127.9,127.9,0,0,0,0,0,0,0,0,0,0,0,127.9,0,0,0
대전,재활용 가능자원 분리배출,영농폐기물,농약용기류,5.1,5.1,0,0,0,0,0,0,0,0,0,0,0,5.1,0,0,0
대전,재활용 가능자원 분리배출,영농폐기물,폐비닐,449.7,449.7,0,0,0,0,0,0,0,0,0,0,0,449.7,0,0,0
대전,재활용 가능자원 분리배출,폐식용유,,0,0,0,0,0,0,0,0,0,0,0,0,0,0,0,0,0
대전,재활용 가능자원 분리배출,폐전기전자제품,,2668.5,2668.5,0,0,0,0,0,0,0,0,0,0,0,2668.5,0,0,0
대전,재활용 가능자원 분리배출,폐가구류,,0,0,0,0,0,0,0,0,0,0,0,0,0,0,0,0,0
대전,재활용 가능자원 분리배출,기타,,309.7,309.7,0,0,0,0,0,0,0,0,0,0,0,309.7,0,0,0
대전,재활용 가능자원 분리배출,재활용 잔재물,,22153.5,22153.5,0,0,0,0,0,0,0,0,0,0,0,22153.5,0,0,0
대전,음식물류 폐기물 분리배출,,,155208.2,155208.2,0,0,0,68031.8,0,0,0,1405.6,0,0,0,85770.8,0,0,0
울산,합계,,,422336.6,210309.2,170716.7,41310.7,0,103929.2,164119.5,41310.7,0,462.4,0,0,0,105917.6,6597.2,0,0
울산,혼합배출,소계,,198641.1,0,157346.3,41294.8,0,0,157346.3,41294.8,0,0,0,0,0,0,0,0,0
울산,혼합배출,가연성,소계,147605.8,0,147299.6,306.2,0,0,147299.6,306.2,0,0,0,0,0,0,0,0,0
울산,혼합배출,가연성,폐지류,31744.8,0,31676.3,68.5,0,0,31676.3,68.5,0,0,0,0,0,0,0,0,0
울산,혼합배출,가연성,폐합성수지류,28736.8,0,28674.8,62,0,0,28674.8,62,0,0,0,0,0,0,0,0,0
울산,혼합배출,가연성,폐고무류,1036.6,0,1034.4,2.2,0,0,1034.4,2.2,0,0,0,0,0,0,0,0,0
울산,혼합배출,가연성,폐섬유류,7026.5,0,7011.6,14.9,0,0,7011.6,14.9,0,0,0,0,0,0,0,0,0
울산,혼합배출,가연성,음식물류 폐기물,9752.1,0,9730.7,21.4,0,0,9730.7,21.4,0,0,0,0,0,0,0,0,0
울산,혼합배출,가연성,폐목재류,4264.3,0,4258.5,5.8,0,0,4258.5,5.8,0,0,0,0,0,0,0,0,0
울산,혼합배출,가연성,기타,65044.7,0,64913.3,131.4,0,0,64913.3,131.4,0,0,0,0,0,0,0,0,0
울산,혼합배출,불연성,소계,26017.5,0,6431.1,19586.4,0,0,6431.1,19586.4,0,0,0,0,0,0,0,0,0
울산,혼합배출,불연성,폐금속류,3393.5,0,1410.8,1982.7,0,0,1410.8,1982.7,0,0,0,0,0,0,0,0,0
울산,혼합배출,불연성,폐유리류,4937.2,0,1984.4,2952.8,0,0,1984.4,2952.8,0,0,0,0,0,0,0,0,0
울산,혼합배출,불연성,폐토사류,1290.6,0,281.7,1008.9,0,0,281.7,1008.9,0,0,0,0,0,0,0,0,0
울산,혼합배출,불연성,폐타일 및 도자기류,377,0,172.6,204.4,0,0,172.6,204.4,0,0,0,0,0,0,0,0,0
울산,혼합배출,불연성,연탄재,17.7,0,8.4,9.3,0,0,8.4,9.3,0,0,0,0,0,0,0,0,0
울산,혼합배출,불연성,기타,16001.5,0,2573.2,13428.3,0,0,2573.2,13428.3,0,0,0,0,0,0,0,0,0
울산,혼합배출,건설폐재류,건설폐재류(공사장생활폐기물),19094.5,0,2546.1,16548.4,0,0,2546.1,16548.4,0,0,0,0,0,0,0,0,0
울산,혼합배출,기타(배출불명등),,5923.3,0,1069.5,4853.8,0,0,1069.5,4853.8,0,0,0,0,0,0,0,0,0
울산,재활용 가능자원 분리배출,소계,,117600,104433.7,13150.4,15.9,0,3803.7,6553.2,15.9,0,0,0,0,0,100630,6597.2,0,0
울산,재활용 가능자원 분리배출,폐지류,종이팩,2796.4,2796.4,0,0,0,22.3,0,0,0,0,0,0,0,2774.1,0,0,0
울산,재활용 가능자원 분리배출,폐지류,기타,28287.8,28287.8,0,0,0,254.1,0,0,0,0,0,0,0,28033.7,0,0,0
울산,재활용 가능자원 분리배출,고철류,,17810.5,17810.5,0,0,0,32.7,0,0,0,0,0,0,0,17777.8,0,0,0
울산,재활용 가능자원 분리배출,금속캔,,6792.8,6792.8,0,0,0,161.6,0,0,0,0,0,0,0,6631.2,0,0,0
울산,재활용 가능자원 분리배출,폐합성수지류,비닐류,7274.2,7274.2,0,0,0,337.8,0,0,0,0,0,0,0,6936.4,0,0,0
울산,재활용 가능자원 분리배출,폐합성수지류,발포수지류,2966.7,2966.7,0,0,0,24.7,0,0,0,0,0,0,0,2942,0,0,0
울산,재활용 가능자원 분리배출,폐합성수지류,PET병,13845.4,13845.4,0,0,0,351.6,0,0,0,0,0,0,0,13493.8,0,0,0
울산,재활용 가능자원 분리배출,폐합성수지류,기타,6865,6865,0,0,0,519,0,0,0,0,0,0,0,6346,0,0,0
울산,재활용 가능자원 분리배출,폐고무류,,0,0,0,0,0,0,0,0,0,0,0,0,0,0,0,0,0
울산,재활용 가능자원 분리배출,폐유리병류,,9172,9172,0,0,0,490.4,0,0,0,0,0,0,0,8681.6,0,0,0
울산,재활용 가능자원 분리배출,폐의류,,1606.8,1606.8,0,0,0,10.6,0,0,0,0,0,0,0,1596.2,0,0,0
울산,재활용 가능자원 분리배출,폐섬유류,,216.9,216.9,0,0,0,0,0,0,0,0,0,0,0,216.9,0,0,0
울산,재활용 가능자원 분리배출,조명폐기물,,231.5,231.5,0,0,0,141.8,0,0,0,0,0,0,0,89.7,0,0,0
울산,재활용 가능자원 분리배출,폐전지류,,79.3,79.3,0,0,0,11.4,0,0,0,0,0,0,0,67.9,0,0,0
울산,재활용 가능자원 분리배출,영농폐기물,농약용기류,9.8,9.8,0,0,0,9.5,0,0,0,0,0,0,0,0.3,0,0,0
울산,재활용 가능자원 분리배출,영농폐기물,폐비닐,843.3,843.3,0,0,0,804.7,0,0,0,0,0,0,0,38.6,0,0,0
울산,재활용 가능자원 분리배출,폐식용유,,0,0,0,0,0,0,0,0,0,0,0,0,0,0,0,0,0
울산,재활용 가능자원 분리배출,폐전기전자제품,,2472,2472,0,0,0,631.5,0,0,0,0,0,0,0,1840.5,0,0,0
울산,재활용 가능자원 분리배출,폐가구류,,0,0,0,0,0,0,0,0,0,0,0,0,0,0,0,0,0
울산,재활용 가능자원 분리배출,기타,,3163.3,3163.3,0,0,0,0,0,0,0,0,0,0,0,3163.3,0,0,0
울산,재활용 가능자원 분리배출,재활용 잔재물,,13166.3,0,13150.4,15.9,0,0,6553.2,15.9,0,0,0,0,0,0,6597.2,0,0
울산,음식물류 폐기물 분리배출,,,106095.5,105875.5,220,0,0,100125.5,220,0,0,462.4,0,0,0,5287.6,0,0,0
세종,합계,,,117891.2,88501.1,29390.1,0,0,28055.9,15345.1,0,0,0,0,0,0,60445.2,14045,0,0
세종,혼합배출,소계,,50915.9,21525.8,29390.1,0,0,21525.8,15345.1,0,0,0,0,0,0,0,14045,0,0
세종,혼합배출,가연성,소계,47279.8,19988.6,27291.2,0,0,19988.6,14249.2,0,0,0,0,0,0,0,13042,0,0
세종,혼합배출,가연성,폐지류,14832.5,6270.8,8561.7,0,0,6270.8,4470.2,0,0,0,0,0,0,0,4091.5,0,0
세종,혼합배출,가연성,폐합성수지류,11513.7,4867.7,6646,0,0,4867.7,3470,0,0,0,0,0,0,0,3176,0,0
세종,혼합배출,가연성,폐고무류,692.8,292.9,399.9,0,0,292.9,208.8,0,0,0,0,0,0,0,191.1,0,0
세종,혼합배출,가연성,폐섬유류,2119.2,895.9,1223.3,0,0,895.9,638.7,0,0,0,0,0,0,0,584.6,0,0
세종,혼합배출,가연성,음식물류 폐기물,2818.7,1191.7,1627,0,0,1191.7,849.5,0,0,0,0,0,0,0,777.5,0,0
세종,혼합배출,가연성,폐목재류,1100.2,465.1,635.1,0,0,465.1,331.6,0,0,0,0,0,0,0,303.5,0,0
세종,혼합배출,가연성,기타,14202.7,6004.5,8198.2,0,0,6004.5,4280.4,0,0,0,0,0,0,0,3917.8,0,0
세종,혼합배출,불연성,소계,3636.1,1537.2,2098.9,0,0,1537.2,1095.9,0,0,0,0,0,0,0,1003,0,0
세종,혼합배출,불연성,폐금속류,1022,432.1,589.9,0,0,432.1,308,0,0,0,0,0,0,0,281.9,0,0
세종,혼합배출,불연성,폐유리류,1661.7,702.5,959.2,0,0,702.5,500.8,0,0,0,0,0,0,0,458.4,0,0
세종,혼합배출,불연성,폐토사류,99.4,42,57.4,0,0,42,30,0,0,0,0,0,0,0,27.4,0,0
세종,혼합배출,불연성,폐타일 및 도자기류,68.1,28.8,39.3,0,0,28.8,20.5,0,0,0,0,0,0,0,18.8,0,0
세종,혼합배출,불연성,연탄재,377.3,159.5,217.8,0,0,159.5,113.7,0,0,0,0,0,0,0,104.1,0,0
세종,혼합배출,불연성,기타,407.6,172.3,235.3,0,0,172.3,122.9,0,0,0,0,0,0,0,112.4,0,0
세종,혼합배출,건설폐재류,건설폐재류(공사장생활폐기물),0,0,0,0,0,0,0,0,0,0,0,0,0,0,0,0,0
세종,혼합배출,기타(배출불명등),,0,0,0,0,0,0,0,0,0,0,0,0,0,0,0,0,0
세종,재활용 가능자원 분리배출,소계,,51293.6,51293.6,0,0,0,3699.3,0,0,0,0,0,0,0,47594.3,0,0,0
세종,재활용 가능자원 분리배출,폐지류,종이팩,441.3,441.3,0,0,0,111,0,0,0,0,0,0,0,330.3,0,0,0
세종,재활용 가능자원 분리배출,폐지류,기타,11379.6,11379.6,0,0,0,169.1,0,0,0,0,0,0,0,11210.5,0,0,0
세종,재활용 가능자원 분리배출,고철류,,28427.2,28427.2,0,0,0,78.6,0,0,0,0,0,0,0,28348.6,0,0,0
세종,재활용 가능자원 분리배출,금속캔,,662,662,0,0,0,74.8,0,0,0,0,0,0,0,587.2,0,0,0
세종,재활용 가능자원 분리배출,폐합성수지류,비닐류,1521.3,1521.3,0,0,0,990.5,0,0,0,0,0,0,0,530.8,0,0,0
세종,재활용 가능자원 분리배출,폐합성수지류,발포수지류,398.2,398.2,0,0,0,31.2,0,0,0,0,0,0,0,367,0,0,0
세종,재활용 가능자원 분리배출,폐합성수지류,PET병,1363.6,1363.6,0,0,0,336,0,0,0,0,0,0,0,1027.6,0,0,0
세종,재활용 가능자원 분리배출,폐합성수지류,기타,1743.5,1743.5,0,0,0,165.5,0,0,0,0,0,0,0,1578,0,0,0
세종,재활용 가능자원 분리배출,폐고무류,,36.7,36.7,0,0,0,0,0,0,0,0,0,0,0,36.7,0,0,0
세종,재활용 가능자원 분리배출,폐유리병류,,3062.8,3062.8,0,0,0,457.2,0,0,0,0,0,0,0,2605.6,0,0,0
세종,재활용 가능자원 분리배출,폐의류,,0,0,0,0,0,0,0,0,0,0,0,0,0,0,0,0,0
세종,재활용 가능자원 분리배출,폐섬유류,,110.1,110.1,0,0,0,0,0,0,0,0,0,0,0,110.1,0,0,0
세종,재활용 가능자원 분리배출,조명폐기물,,37,37,0,0,0,0,0,0,0,0,0,0,0,37,0,0,0
세종,재활용 가능자원 분리배출,폐전지류,,22,22,0,0,0,0,0,0,0,0,0,0,0,22,0,0,0
세종,재활용 가능자원 분리배출,영농폐기물,농약용기류,19.6,19.6,0,0,0,19.6,0,0,0,0,0,0,0,0,0,0,0
세종,재활용 가능자원 분리배출,영농폐기물,폐비닐,396.2,396.2,0,0,0,396.2,0,0,0,0,0,0,0,0,0,0,0
세종,재활용 가능자원 분리배출,폐식용유,,0,0,0,0,0,0,0,0,0,0,0,0,0,0,0,0,0
세종,재활용 가능자원 분리배출,폐전기전자제품,,732.9,732.9,0,0,0,0,0,0,0,0,0,0,0,732.9,0,0,0
세종,재활용 가능자원 분리배출,폐가구류,,0,0,0,0,0,0,0,0,0,0,0,0,0,0,0,0,0
세종,재활용 가능자원 분리배출,기타,,70,70,0,0,0,0,0,0,0,0,0,0,0,70,0,0,0
세종,재활용 가능자원 분리배출,재활용 잔재물,,869.6,869.6,0,0,0,869.6,0,0,0,0,0,0,0,0,0,0,0
세종,음식물류 폐기물 분리배출,,,15681.7,15681.7,0,0,0,2830.8,0,0,0,0,0,0,0,12850.9,0,0,0
경기,합계,,,3901516.4,2140990,1405946.4,340173.9,14406.1,1096148.5,1312805.1,338026.6,0,5746.2,0,0,872.8,1039095.3,93141.3,2147.3,13533.3
경기,혼합배출,소계,,1888535.9,199859.3,1341348.7,335258.6,12069.3,100914.1,1272542,333134.2,0,0,0,0,0,98945.2,68806.7,2124.4,12069.3
경기,혼합배출,가연성,소계,1677446.7,166465,1242765.7,257945.9,10270.1,93421.1,1182797.7,257945.9,0,0,0,0,0,73043.9,59968,0,10270.1
경기,혼합배출,가연성,폐지류,415479.2,12947.8,350717.8,48623.8,3189.8,8552,340158.5,48623.8,0,0,0,0,0,4395.8,10559.3,0,3189.8
경기,혼합배출,가연성,폐합성수지류,421970.4,37902.7,315719.1,65873.5,2475.1,18201,286633.8,65873.5,0,0,0,0,0,19701.7,29085.3,0,2475.1
경기,혼합배출,가연성,폐고무류,43867.9,1671,36877.9,5216.4,102.6,1366,36143.9,5216.4,0,0,0,0,0,305,734,0,102.6
경기,혼합배출,가연성,폐섬유류,129391.6,2513.7,106728.9,19633.6,515.4,942,106129.6,19633.6,0,0,0,0,0,1571.7,599.3,0,515.4
경기,혼합배출,가연성,음식물류 폐기물,142527.4,5392.1,121557.6,14961.7,616,3241,119079.3,14961.7,0,0,0,0,0,2151.1,2478.3,0,616
경기,혼합배출,가연성,폐목재류,137265.6,47409.2,82423.7,7116.7,316,10737.3,76154.3,7116.7,0,0,0,0,0,36671.9,6269.4,0,316
경기,혼합배출,가연성,기타,386944.6,58628.5,228740.7,96520.2,3055.2,50381.8,218498.3,96520.2,0,0,0,0,0,8246.7,10242.4,0,3055.2
경기,혼합배출,불연성,소계,180686.4,23168.8,90565.1,66530.5,422,6525,86022.1,64406.1,0,0,0,0,0,16643.8,4543,2124.4,422
경기,혼합배출,불연성,폐금속류,35741.4,1838.3,26652,7242.3,8.8,480,26315.7,7242.3,0,0,0,0,0,1358.3,336.3,0,8.8
경기,혼합배출,불연성,폐유리류,47943.6,621.2,33505.5,13809,7.9,23,33128.1,13773,0,0,0,0,0,598.2,377.4,36,7.9
경기,혼합배출,불연성,폐토사류,18145.7,6136.5,4391.7,7612.3,5.2,43,3298.5,7612.3,0,0,0,0,0,6093.5,1093.2,0,5.2
경기,혼합배출,불연성,폐타일 및 도자기류,5787.8,3991.7,983,781.2,31.9,0,936.5,673.2,0,0,0,0,0,3991.7,46.5,108,31.9
경기,혼합배출,불연성,연탄재,9942,626.1,1497.7,7818.2,0,0,1410.2,7678.2,0,0,0,0,0,626.1,87.5,140,0
경기,혼합배출,불연성,기타,63125.9,9955,23535.2,29267.5,368.2,5979,20933.1,27427.1,0,0,0,0,0,3976,2602.1,1840.4,368.2
경기,혼합배출,건설폐재류,건설폐재류(공사장생활폐기물),18186.3,9240,1757.3,5811.8,1377.2,53,1154.4,5811.8,0,0,0,0,0,9187,602.9,0,1377.2
경기,혼합배출,기타(배출불명등),,12216.5,985.5,6260.6,4970.4,0,915,2567.8,4970.4,0,0,0,0,0,70.5,3692.8,0,0
경기,재활용 가능자원 분리배출,소계,,861287.4,794523.7,61012.4,4287.3,1464,323454.8,36677.8,4264.4,0,0,0,0,0,471068.9,24334.6,22.9,1464
경기,재활용 가능자원 분리배출,폐지류,종이팩,9968.2,9968.2,0,0,0,356.1,0,0,0,0,0,0,0,9612.1,0,0,0
경기,재활용 가능자원 분리배출,폐지류,기타,201047.6,201047.6,0,0,0,18367.8,0,0,0,0,0,0,0,182679.8,0,0,0
경기,재활용 가능자원 분리배출,고철류,,13949.5,13949.5,0,0,0,5906.3,0,0,0,0,0,0,0,8043.2,0,0,0
경기,재활용 가능자원 분리배출,금속캔,,11151.1,11151.1,0,0,0,5139.1,0,0,0,0,0,0,0,6012,0,0,0
경기,재활용 가능자원 분리배출,폐합성수지류,비닐류,92924.8,92924.8,0,0,0,37760,0,0,0,0,0,0,0,55164.8,0,0,0
경기,재활용 가능자원 분리배출,폐합성수지류,발포수지류,16068.1,16068.1,0,0,0,8181.9,0,0,0,0,0,0,0,7886.2,0,0,0
경기,재활용 가능자원 분리배출,폐합성수지류,PET병,43791.8,43791.8,0,0,0,24677.8,0,0,0,0,0,0,0,19114,0,0,0
경기,재활용 가능자원 분리배출,폐합성수지류,기타,99623.9,99623.9,0,0,0,67649.2,0,0,0,0,0,0,0,31974.7,0,0,0
경기,재활용 가능자원 분리배출,폐고무류,,67.1,67.1,0,0,0,57.1,0,0,0,0,0,0,0,10,0,0,0
경기,재활용 가능자원 분리배출,폐유리병류,,50447,50447,0,0,0,24325.2,0,0,0,0,0,0,0,26121.8,0,0,0
경기,재활용 가능자원 분리배출,폐의류,,6383.7,6383.7,0,0,0,111.1,0,0,0,0,0,0,0,6272.6,0,0,0
경기,재활용 가능자원 분리배출,폐섬유류,,7982.6,7982.6,0,0,0,839.6,0,0,0,0,0,0,0,7143,0,0,0
경기,재활용 가능자원 분리배출,조명폐기물,,2642.4,2642.4,0,0,0,693.8,0,0,0,0,0,0,0,1948.6,0,0,0
경기,재활용 가능자원 분리배출,폐전지류,,39484.5,39484.5,0,0,0,691.2,0,0,0,0,0,0,0,38793.3,0,0,0
경기,재활용 가능자원 분리배출,영농폐기물,농약용기류,100.5,100.5,0,0,0,69.5,0,0,0,0,0,0,0,31,0,0,0
경기,재활용 가능자원 분리배출,영농폐기물,폐비닐,19381.3,19381.3,0,0,0,11067,0,0,0,0,0,0,0,8314.3,0,0,0
경기,재활용 가능자원 분리배출,폐식용유,,0,0,0,0,0,0,0,0,0,0,0,0,0,0,0,0,0
경기,재활용 가능자원 분리배출,폐전기전자제품,,14769.8,14769.8,0,0,0,8895.3,0,0,0,0,0,0,0,5874.5,0,0,0
경기,재활용 가능자원 분리배출,폐가구류,,87964.5,87964.5,0,0,0,72875.1,0,0,0,0,0,0,0,15089.4,0,0,0
경기,재활용 가능자원 분리배출,기타,,24446.6,24446.6,0,0,0,13583.1,0,0,0,0,0,0,0,10863.5,0,0,0
경기,재활용 가능자원 분리배출,재활용 잔재물,,119092.4,52328.7,61012.4,4287.3,1464,22208.6,36677.8,4264.4,0,0,0,0,0,30120.1,24334.6,22.9,1464
경기,음식물류 폐기물 분리배출,,,1151693.1,1146607,3585.3,628,872.8,671779.6,3585.3,628,0,5746.2,0,0,872.8,469081.2,0,0,0
강원,합계,,,667683.5,318411,161357,184622.3,3293.2,184168.7,161357,184571.6,2580.7,807.8,0,0,0,133434.5,0,50.7,712.5
강원,혼합배출,소계,,369686.5,63224.8,140856.6,162311.9,3293.2,44946.8,140856.6,162261.2,2580.7,0,0,0,0,18278,0,50.7,712.5
강원,혼합배출,가연성,소계,276475.2,58742,125001.4,89722.9,3008.9,41242.9,125001.4,89722.9,2296.4,0,0,0,0,17499.1,0,0,712.5
강원,혼합배출,가연성,폐지류,82427.7,14197.2,39769.6,28460.9,0,13896.9,39769.6,28460.9,0,0,0,0,0,300.3,0,0,0
강원,혼합배출,가연성,폐합성수지류,87570.5,19380.3,45354.6,22835.6,0,12698,45354.6,22835.6,0,0,0,0,0,6682.3,0,0,0
강원,혼합배출,가연성,폐고무류,5664.7,1338.1,2162.3,2164.3,0,1319,2162.3,2164.3,0,0,0,0,0,19.1,0,0,0
강원,혼합배출,가연성,폐섬유류,15375.4,3855,6875.1,4645.3,0,1780.4,6875.1,4645.3,0,0,0,0,0,2074.6,0,0,0
강원,혼합배출,가연성,음식물류 폐기물,16778.8,2246.3,9267.2,5265.3,0,1729,9267.2,5265.3,0,0,0,0,0,517.3,0,0,0
강원,혼합배출,가연성,폐목재류,21098.6,8505.8,7062.7,2521.2,3008.9,618.1,7062.7,2521.2,2296.4,0,0,0,0,7887.7,0,0,712.5
강원,혼합배출,가연성,기타,47559.5,9219.3,14509.9,23830.3,0,9201.5,14509.9,23830.3,0,0,0,0,0,17.8,0,0,0
강원,혼합배출,불연성,소계,85139.1,4466.1,15846,64542.7,284.3,3703.9,15846,64492,284.3,0,0,0,0,762.2,0,50.7,0
강원,혼합배출,불연성,폐금속류,15778.4,448.4,2726.3,12603.7,0,93.5,2726.3,12603.7,0,0,0,0,0,354.9,0,0,0
강원,혼합배출,불연성,폐유리류,26986.8,526.4,5866.9,20593.5,0,330.4,5866.9,20593.5,0,0,0,0,0,196,0,0,0
강원,혼합배출,불연성,폐토사류,4489,0,164.2,4324.8,0,0,164.2,4324.8,0,0,0,0,0,0,0,0,0
강원,혼합배출,불연성,폐타일 및 도자기류,3159.5,11.1,233.4,2915,0,0,233.4,2915,0,0,0,0,0,11.1,0,0,0
강원,혼합배출,불연성,연탄재,13496.6,3335.6,489.6,9671.4,0,3280,489.6,9671.4,0,0,0,0,0,55.6,0,0,0
강원,혼합배출,불연성,기타,21228.8,144.6,6365.6,14434.3,284.3,0,6365.6,14383.6,284.3,0,0,0,0,144.6,0,50.7,0
강원,혼합배출,건설폐재류,건설폐재류(공사장생활폐기물),6066.8,0,0,6066.8,0,0,0,6066.8,0,0,0,0,0,0,0,0,0
강원,혼합배출,기타(배출불명등),,2005.4,16.7,9.2,1979.5,0,0,9.2,1979.5,0,0,0,0,0,16.7,0,0,0
강원,재활용 가능자원 분리배출,소계,,160274.2,132707.3,10238.8,17328.1,0,73794.1,10238.8,17328.1,0,0,0,0,0,58913.2,0,0,0
강원,재활용 가능자원 분리배출,폐지류,종이팩,944.8,944.8,0,0,0,709.8,0,0,0,0,0,0,0,235,0,0,0
강원,재활용 가능자원 분리배출,폐지류,기타,56338.8,56338.8,0,0,0,18226.1,0,0,0,0,0,0,0,38112.7,0,0,0
강원,재활용 가능자원 분리배출,고철류,,5584.5,5584.5,0,0,0,1718.4,0,0,0,0,0,0,0,3866.1,0,0,0
강원,재활용 가능자원 분리배출,금속캔,,3922.6,3922.6,0,0,0,1998.6,0,0,0,0,0,0,0,1924,0,0,0
강원,재활용 가능자원 분리배출,폐합성수지류,비닐류,4625.9,4625.9,0,0,0,4607.9,0,0,0,0,0,0,0,18,0,0,0
강원,재활용 가능자원 분리배출,폐합성수지류,발포수지류,852.3,852.3,0,0,0,655.3,0,0,0,0,0,0,0,197,0,0,0
강원,재활용 가능자원 분리배출,폐합성수지류,PET병,5795.9,5795.9,0,0,0,5670.7,0,0,0,0,0,0,0,125.2,0,0,0
강원,재활용 가능자원 분리배출,폐합성수지류,기타,5663.2,5663.2,0,0,0,5156.1,0,0,0,0,0,0,0,507.1,0,0,0
강원,재활용 가능자원 분리배출,폐고무류,,0,0,0,0,0,0,0,0,0,0,0,0,0,0,0,0,0
강원,재활용 가능자원 분리배출,폐유리병류,,9156.7,9156.7,0,0,0,6932.4,0,0,0,0,0,0,0,2224.3,0,0,0
강원,재활용 가능자원 분리배출,폐의류,,6175.2,6175.2,0,0,0,31.4,0,0,0,0,0,0,0,6143.8,0,0,0
강원,재활용 가능자원 분리배출,폐섬유류,,0,0,0,0,0,0,0,0,0,0,0,0,0,0,0,0,0
강원,재활용 가능자원 분리배출,조명폐기물,,89.9,89.9,0,0,0,33.9,0,0,0,0,0,0,0,56,0,0,0
강원,재활용 가능자원 분리배출,폐전지류,,106.9,106.9,0,0,0,71.9,0,0,0,0,0,0,0,35,0,0,0
강원,재활용 가능자원 분리배출,영농폐기물,농약용기류,329.3,329.3,0,0,0,329.3,0,0,0,0,0,0,0,0,0,0,0
강원,재활용 가능자원 분리배출,영농폐기물,폐비닐,22957,22957,0,0,0,22957,0,0,0,0,0,0,0,0,0,0,0
강원,재활용 가능자원 분리배출,폐식용유,,0,0,0,0,0,0,0,0,0,0,0,0,0,0,0,0,0
강원,재활용 가능자원 분리배출,폐전기전자제품,,3097.6,3097.6,0,0,0,2813.6,0,0,0,0,0,0,0,284,0,0,0
강원,재활용 가능자원 분리배출,폐가구류,,2343.1,2343.1,0,0,0,638.1,0,0,0,0,0,0,0,1705,0,0,0
강원,재활용 가능자원 분리배출,기타,,4723.6,4723.6,0,0,0,1243.6,0,0,0,0,0,0,0,3480,0,0,0
강원,재활용 가능자원 분리배출,재활용 잔재물,,27566.9,0,10238.8,17328.1,0,0,10238.8,17328.1,0,0,0,0,0,0,0,0,0
강원,음식물류 폐기물 분리배출,,,137722.8,122478.9,10261.6,4982.3,0,65427.8,10261.6,4982.3,0,807.8,0,0,0,56243.3,0,0,0
충북,합계,,,659454.6,274444.3,273847.5,110587.1,575.7,139702.9,236963.9,110550.6,575.7,256.7,0,0,0,134484.7,36883.6,36.5,0
충북,혼합배출,소계,,366827,7704.2,263654.3,95468.5,0,4030,226770.7,95468.5,0,0,0,0,0,3674.2,36883.6,0,0
충북,혼합배출,가연성,소계,287568.5,3086.2,248996.9,35485.4,0,0,214161.6,35485.4,0,0,0,0,0,3086.2,34835.3,0,0
충북,혼합배출,가연성,폐지류,77776,0,69128.1,8647.9,0,0,60090.3,8647.9,0,0,0,0,0,0,9037.8,0,0
충북,혼합배출,가연성,폐합성수지류,73971.9,820.2,61314.6,11837.1,0,0,54268.3,11837.1,0,0,0,0,0,820.2,7046.3,0,0
충북,혼합배출,가연성,폐고무류,3868.9,0,3209.9,659,0,0,2889.1,659,0,0,0,0,0,0,320.8,0,0
충북,혼합배출,가연성,폐섬유류,11108.5,0,8731.2,2377.3,0,0,7440.1,2377.3,0,0,0,0,0,0,1291.1,0,0
충북,혼합배출,가연성,음식물류 폐기물,30066.7,0,24818.2,5248.5,0,0,23086,5248.5,0,0,0,0,0,0,1732.2,0,0
충북,혼합배출,가연성,폐목재류,9105.8,2266,5612,1227.8,0,0,4927.7,1227.8,0,0,0,0,0,2266,684.3,0,0
충북,혼합배출,가연성,기타,81670.7,0,76182.9,5487.8,0,0,61460.1,5487.8,0,0,0,0,0,0,14722.8,0,0
충북,혼합배출,불연성,소계,77427.8,4618,14657.4,58152.4,0,4030,12609.1,58152.4,0,0,0,0,0,588,2048.3,0,0
충북,혼합배출,불연성,폐금속류,6645.8,0,3719.2,2926.6,0,0,3142.6,2926.6,0,0,0,0,0,0,576.6,0,0
충북,혼합배출,불연성,폐유리류,11429.1,0,6263.4,5165.7,0,0,5328.2,5165.7,0,0,0,0,0,0,935.2,0,0
충북,혼합배출,불연성,폐토사류,3684.7,0,457,3227.7,0,0,399.6,3227.7,0,0,0,0,0,0,57.4,0,0
충북,혼합배출,불연성,폐타일 및 도자기류,20020.2,0,200.1,19820.1,0,0,162.8,19820.1,0,0,0,0,0,0,37.3,0,0
충북,혼합배출,불연성,연탄재,6241.9,4030,1057.4,1154.5,0,4030,862.3,1154.5,0,0,0,0,0,0,195.1,0,0
충북,혼합배출,불연성,기타,29406.1,588,2960.3,25857.8,0,0,2713.6,25857.8,0,0,0,0,0,588,246.7,0,0
충북,혼합배출,건설폐재류,건설폐재류(공사장생활폐기물),1830.7,0,0,1830.7,0,0,0,1830.7,0,0,0,0,0,0,0,0,0
충북,혼합배출,기타(배출불명등),,0,0,0,0,0,0,0,0,0,0,0,0,0,0,0,0,0
충북,재활용 가능자원 분리배출,소계,,131454.2,127461.4,867,2550.1,575.7,56651.5,867,2550.1,575.7,0,0,0,0,70809.9,0,0,0
충북,재활용 가능자원 분리배출,폐지류,종이팩,1578.7,1578.7,0,0,0,20.4,0,0,0,0,0,0,0,1558.3,0,0,0
충북,재활용 가능자원 분리배출,폐지류,기타,44757.3,44757.3,0,0,0,4363.5,0,0,0,0,0,0,0,40393.8,0,0,0
충북,재활용 가능자원 분리배출,고철류,,4134.6,4134.6,0,0,0,1003.7,0,0,0,0,0,0,0,3130.9,0,0,0
충북,재활용 가능자원 분리배출,금속캔,,4480.3,4480.3,0,0,0,1674.9,0,0,0,0,0,0,0,2805.4,0,0,0
충북,재활용 가능자원 분리배출,폐합성수지류,비닐류,5763.6,5763.6,0,0,0,4757.1,0,0,0,0,0,0,0,1006.5,0,0,0
충북,재활용 가능자원 분리배출,폐합성수지류,발포수지류,1557.3,1557.3,0,0,0,654.2,0,0,0,0,0,0,0,903.1,0,0,0
충북,재활용 가능자원 분리배출,폐합성수지류,PET병,13658,13658,0,0,0,4225.8,0,0,0,0,0,0,0,9432.2,0,0,0
충북,재활용 가능자원 분리배출,폐합성수지류,기타,2910.3,2910.3,0,0,0,2370.4,0,0,0,0,0,0,0,539.9,0,0,0
충북,재활용 가능자원 분리배출,폐고무류,,0,0,0,0,0,0,0,0,0,0,0,0,0,0,0,0,0
충북,재활용 가능자원 분리배출,폐유리병류,,8140.7,8140.7,0,0,0,4572.8,0,0,0,0,0,0,0,3567.9,0,0,0
충북,재활용 가능자원 분리배출,폐의류,,3758.3,3758.3,0,0,0,0,0,0,0,0,0,0,0,3758.3,0,0,0
충북,재활용 가능자원 분리배출,폐섬유류,,0,0,0,0,0,0,0,0,0,0,0,0,0,0,0,0,0
충북,재활용 가능자원 분리배출,조명폐기물,,70,70,0,0,0,70,0,0,0,0,0,0,0,0,0,0,0
충북,재활용 가능자원 분리배출,폐전지류,,44.8,44.8,0,0,0,44.7,0,0,0,0,0,0,0,0.1,0,0,0
충북,재활용 가능자원 분리배출,영농폐기물,농약용기류,275,275,0,0,0,261,0,0,0,0,0,0,0,14,0,0,0
충북,재활용 가능자원 분리배출,영농폐기물,폐비닐,15501.3,15501.3,0,0,0,14464.7,0,0,0,0,0,0,0,1036.6,0,0,0
충북,재활용 가능자원 분리배출,폐식용유,,0,0,0,0,0,0,0,0,0,0,0,0,0,0,0,0,0
충북,재활용 가능자원 분리배출,폐전기전자제품,,763.2,763.2,0,0,0,597.3,0,0,0,0,0,0,0,165.9,0,0,0
충북,재활용 가능자원 분리배출,폐가구류,,1133.4,1133.4,0,0,0,523.7,0,0,0,0,0,0,0,609.7,0,0,0
충북,재활용 가능자원 분리배출,기타,,5474.5,5474.5,0,0,0,4299,0,0,0,0,0,0,0,1175.5,0,0,0
충북,재활용 가능자원 분리배출,재활용 잔재물,,17452.9,13460.1,867,2550.1,575.7,12748.3,867,2550.1,575.7,0,0,0,0,711.8,0,0,0
충북,음식물류 폐기물 분리배출,,,161173.4,139278.7,9326.2,12568.5,0,79021.4,9326.2,12532,0,256.7,0,0,0,60000.6,0,36.5,0
충남,합계,,,766650.3,317174,380293.1,67713.5,1469.7,145015.6,279241.1,67471.1,1469.7,97.7,0,0,0,172060.7,101052,242.4,0
충남,혼합배출,소계,,432565.5,4596.8,361287,65294,1387.7,1274.9,267911.2,65059,1387.7,0,0,0,0,3321.9,93375.8,235,0
충남,혼합배출,가연성,소계,369067.2,1858.5,331336.3,34591.2,1281.2,519.8,245400.7,34591.2,1281.2,0,0,0,0,1338.7,85935.6,0,0
충남,혼합배출,가연성,폐지류,100211.7,236,87166.3,12324.1,485.3,125,59721.2,12324.1,485.3,0,0,0,0,111,27445.1,0,0
충남,혼합배출,가연성,폐합성수지류,90065.3,846.3,81910.1,7009.6,299.3,244.3,59884.3,7009.6,299.3,0,0,0,0,602,22025.8,0,0
충남,혼합배출,가연성,폐고무류,12942.2,0,10212.9,2722.9,6.4,0,7940.5,2722.9,6.4,0,0,0,0,0,2272.4,0,0
충남,혼합배출,가연성,폐섬유류,26958.2,4.5,24543.4,2365.7,44.6,4.5,21688.3,2365.7,44.6,0,0,0,0,0,2855.1,0,0
충남,혼합배출,가연성,음식물류 폐기물,38652.9,231.5,36519.5,1704.5,197.4,0,30759.8,1704.5,197.4,0,0,0,0,231.5,5759.7,0,0
충남,혼합배출,가연성,폐목재류,42882.2,540.2,40581.9,1627.8,132.3,146,37996.5,1627.8,132.3,0,0,0,0,394.2,2585.4,0,0
충남,혼합배출,가연성,기타,57354.7,0,50402.2,6836.6,115.9,0,27410.1,6836.6,115.9,0,0,0,0,0,22992.1,0,0
충남,혼합배출,불연성,소계,59774.2,2738.3,28366.6,28562.8,106.5,755.1,21463.4,28327.8,106.5,0,0,0,0,1983.2,6903.2,235,0
충남,혼합배출,불연성,폐금속류,13878.3,555.1,10721.9,2561.1,40.2,202.1,8932.7,2561.1,40.2,0,0,0,0,353,1789.2,0,0
충남,혼합배출,불연성,폐유리류,15553.2,913.5,9420.1,5176.3,43.3,370.5,6490.8,5176.3,43.3,0,0,0,0,543,2929.3,0,0
충남,혼합배출,불연성,폐토사류,10091.5,900,906.2,8284,1.3,0,523.7,8284,1.3,0,0,0,0,900,382.5,0,0
충남,혼합배출,불연성,폐타일 및 도자기류,2737.1,0,323.9,2410.7,2.5,0,213.2,2176,2.5,0,0,0,0,0,110.7,234.7,0
충남,혼합배출,불연성,연탄재,3348.6,187.2,377.4,2784,0,0,88.3,2784,0,0,0,0,0,187.2,289.1,0,0
충남,혼합배출,불연성,기타,14165.5,182.5,6617.1,7346.7,19.2,182.5,5214.7,7346.4,19.2,0,0,0,0,0,1402.4,0.3,0
충남,혼합배출,건설폐재류,건설폐재류(공사장생활폐기물),2922.7,0,782.7,2140,0,0,703.7,2140,0,0,0,0,0,0,79,0,0
충남,혼합배출,기타(배출불명등),,801.4,0,801.4,0,0,0,343.4,0,0,0,0,0,0,0,458,0,0
충남,재활용 가능자원 분리배출,소계,,135193.5,119801.5,12972.5,2419.5,0,55235.1,5296.3,2412.1,0,0,0,0,0,64566.4,7676.2,7.4,0
충남,재활용 가능자원 분리배출,폐지류,종이팩,1075.8,1075.8,0,0,0,206,0,0,0,0,0,0,0,869.8,0,0,0
충남,재활용 가능자원 분리배출,폐지류,기타,49420.7,49420.7,0,0,0,3365.7,0,0,0,0,0,0,0,46055,0,0,0
충남,재활용 가능자원 분리배출,고철류,,7202.2,7202.2,0,0,0,1602.6,0,0,0,0,0,0,0,5599.6,0,0,0
충남,재활용 가능자원 분리배출,금속캔,,2398,2398,0,0,0,864.6,0,0,0,0,0,0,0,1533.4,0,0,0
충남,재활용 가능자원 분리배출,폐합성수지류,비닐류,3275.2,3275.2,0,0,0,2961.7,0,0,0,0,0,0,0,313.5,0,0,0
충남,재활용 가능자원 분리배출,폐합성수지류,발포수지류,2304,2304,0,0,0,1237.6,0,0,0,0,0,0,0,1066.4,0,0,0
충남,재활용 가능자원 분리배출,폐합성수지류,PET병,3873.8,3873.8,0,0,0,3193.7,0,0,0,0,0,0,0,680.1,0,0,0
충남,재활용 가능자원 분리배출,폐합성수지류,기타,11427.7,11427.7,0,0,0,8614.4,0,0,0,0,0,0,0,2813.3,0,0,0
충남,재활용 가능자원 분리배출,폐고무류,,49.3,49.3,0,0,0,49.3,0,0,0,0,0,0,0,0,0,0,0
충남,재활용 가능자원 분리배출,폐유리병류,,5555.3,5555.3,0,0,0,4112.4,0,0,0,0,0,0,0,1442.9,0,0,0
충남,재활용 가능자원 분리배출,폐의류,,2237.8,2237.8,0,0,0,65,0,0,0,0,0,0,0,2172.8,0,0,0
충남,재활용 가능자원 분리배출,폐섬유류,,82,82,0,0,0,35,0,0,0,0,0,0,0,47,0,0,0
충남,재활용 가능자원 분리배출,조명폐기물,,263.1,263.1,0,0,0,202.9,0,0,0,0,0,0,0,60.2,0,0,0
충남,재활용 가능자원 분리배출,폐전지류,,191.4,191.4,0,0,0,135.3,0,0,0,0,0,0,0,56.1,0,0,0
충남,재활용 가능자원 분리배출,영농폐기물,농약용기류,340.6,340.6,0,0,0,291.1,0,0,0,0,0,0,0,49.5,0,0,0
충남,재활용 가능자원 분리배출,영농폐기물,폐비닐,17229.5,17229.5,0,0,0,16669.2,0,0,0,0,0,0,0,560.3,0,0,0
충남,재활용 가능자원 분리배출,폐식용유,,35,35,0,0,0,35,0,0,0,0,0,0,0,0,0,0,0
충남,재활용 가능자원 분리배출,폐전기전자제품,,2274.6,2274.6,0,0,0,1131.9,0,0,0,0,0,0,0,1142.7,0,0,0
충남,재활용 가능자원 분리배출,폐가구류,,1278.7,1278.7,0,0,0,1229.3,0,0,0,0,0,0,0,49.4,0,0,0
충남,재활용 가능자원 분리배출,기타,,756.2,756.2,0,0,0,701.8,0,0,0,0,0,0,0,54.4,0,0,0
충남,재활용 가능자원 분리배출,재활용 잔재물,,23922.6,8530.6,12972.5,2419.5,0,8530.6,5296.3,2412.1,0,0,0,0,0,0,7676.2,7.4,0
충남,음식물류 폐기물 분리배출,,,198891.3,192775.7,6033.6,0,82,88505.6,6033.6,0,82,97.7,0,0,0,104172.4,0,0,0
전북,합계,,,612062.9,312854,180143.7,119065.2,0,158541.8,159069.7,117271.9,0,196.3,0,0,0,154115.9,21074,1793.3,0
전북,혼합배출,소계,,284949.4,5700.7,166856.5,112392.2,0,3495.8,146908.5,110946.7,0,0,0,0,0,2204.9,19948,1445.5,0
전북,혼합배출,가연성,소계,257304.7,5595.5,159963.1,91746.1,0,3390.6,141312.5,91176.4,0,0,0,0,0,2204.9,18650.6,569.7,0
전북,혼합배출,가연성,폐지류,77264.1,1233.7,50239.4,25791,0,1233.7,44478.7,25758.2,0,0,0,0,0,0,5760.7,32.8,0
전북,혼합배출,가연성,폐합성수지류,67093.4,3539,40796.2,22758.2,0,1334.1,35902.1,22689.8,0,0,0,0,0,2204.9,4894.1,68.4,0
전북,혼합배출,가연성,폐고무류,2927,50,1825.6,1051.4,0,50,1599.5,949,0,0,0,0,0,0,226.1,102.4,0
전북,혼합배출,가연성,폐섬유류,13098,57.4,7325.3,5715.3,0,57.4,6412.6,5652.9,0,0,0,0,0,0,912.7,62.4,0
전북,혼합배출,가연성,음식물류 폐기물,15233.5,82.4,8913.2,6237.9,0,82.4,7967.6,6129.6,0,0,0,0,0,0,945.6,108.3,0
전북,혼합배출,가연성,폐목재류,6835.1,126.5,3990.4,2718.2,0,126.5,3500.4,2611.4,0,0,0,0,0,0,490,106.8,0
전북,혼합배출,가연성,기타,74853.6,506.5,46873,27474.1,0,506.5,41451.6,27385.5,0,0,0,0,0,0,5421.4,88.6,0
전북,혼합배출,불연성,소계,27485.4,105.2,6860.9,20519.3,0,105.2,5563.5,19643.5,0,0,0,0,0,0,1297.4,875.8,0
전북,혼합배출,불연성,폐금속류,7409.8,35.2,1891.1,5483.5,0,35.2,1525.2,5067,0,0,0,0,0,0,365.9,416.5,0
전북,혼합배출,불연성,폐유리류,10972.9,27.7,2986.1,7959.1,0,27.7,2427.7,7672.9,0,0,0,0,0,0,558.4,286.2,0
전북,혼합배출,불연성,폐토사류,1314.8,3.9,356.4,954.5,0,3.9,292,911.6,0,0,0,0,0,0,64.4,42.9,0
전북,혼합배출,불연성,폐타일 및 도자기류,739.8,2.4,171.1,566.3,0,2.4,132.1,547.9,0,0,0,0,0,0,39,18.4,0
전북,혼합배출,불연성,연탄재,1985.3,0.1,562.2,1423,0,0.1,449.9,1400.6,0,0,0,0,0,0,112.3,22.4,0
전북,혼합배출,불연성,기타,5062.8,35.9,894,4132.9,0,35.9,736.6,4043.5,0,0,0,0,0,0,157.4,89.4,0
전북,혼합배출,건설폐재류,건설폐재류(공사장생활폐기물),92.9,0,0,92.9,0,0,0,92.9,0,0,0,0,0,0,0,0,0
전북,혼합배출,기타(배출불명등),,66.4,0,32.5,33.9,0,0,32.5,33.9,0,0,0,0,0,0,0,0,0
전북,재활용 가능자원 분리배출,소계,,105407.6,86114.1,13287.2,6006.3,0,50923.1,12161.2,5658.5,0,0,0,0,0,35191,1126,347.8,0
전북,재활용 가능자원 분리배출,폐지류,종이팩,2182.2,2182.2,0,0,0,422.6,0,0,0,0,0,0,0,1759.6,0,0,0
전북,재활용 가능자원 분리배출,폐지류,기타,6956.4,6956.4,0,0,0,3268,0,0,0,0,0,0,0,3688.4,0,0,0
전북,재활용 가능자원 분리배출,고철류,,15666.1,15666.1,0,0,0,1846.8,0,0,0,0,0,0,0,13819.3,0,0,0
전북,재활용 가능자원 분리배출,금속캔,,1383.4,1383.4,0,0,0,1108,0,0,0,0,0,0,0,275.4,0,0,0
전북,재활용 가능자원 분리배출,폐합성수지류,비닐류,3109.8,3109.8,0,0,0,2578.1,0,0,0,0,0,0,0,531.7,0,0,0
전북,재활용 가능자원 분리배출,폐합성수지류,발포수지류,1970.7,1970.7,0,0,0,1559.3,0,0,0,0,0,0,0,411.4,0,0,0
전북,재활용 가능자원 분리배출,폐합성수지류,PET병,7864.5,7864.5,0,0,0,5717.4,0,0,0,0,0,0,0,2147.1,0,0,0
전북,재활용 가능자원 분리배출,폐합성수지류,기타,2502.9,2502.9,0,0,0,2139.6,0,0,0,0,0,0,0,363.3,0,0,0
전북,재활용 가능자원 분리배출,폐고무류,,787.2,787.2,0,0,0,787.2,0,0,0,0,0,0,0,0,0,0,0
전북,재활용 가능자원 분리배출,폐유리병류,,7749.2,7749.2,0,0,0,5560.4,0,0,0,0,0,0,0,2188.8,0,0,0
전북,재활용 가능자원 분리배출,폐의류,,200,200,0,0,0,169.2,0,0,0,0,0,0,0,30.8,0,0,0
전북,재활용 가능자원 분리배출,폐섬유류,,11.9,11.9,0,0,0,11.9,0,0,0,0,0,0,0,0,0,0,0
전북,재활용 가능자원 분리배출,조명폐기물,,286.4,286.4,0,0,0,170.6,0,0,0,0,0,0,0,115.8,0,0,0
전북,재활용 가능자원 분리배출,폐전지류,,156.9,156.9,0,0,0,120.5,0,0,0,0,0,0,0,36.4,0,0,0
전북,재활용 가능자원 분리배출,영농폐기물,농약용기류,690,690,0,0,0,690,0,0,0,0,0,0,0,0,0,0,0
전북,재활용 가능자원 분리배출,영농폐기물,폐비닐,13447.6,13447.6,0,0,0,13447.6,0,0,0,0,0,0,0,0,0,0,0
전북,재활용 가능자원 분리배출,폐식용유,,131.3,131.3,0,0,0,131.3,0,0,0,0,0,0,0,0,0,0,0
전북,재활용 가능자원 분리배출,폐전기전자제품,,1413.8,1413.8,0,0,0,1289.5,0,0,0,0,0,0,0,124.3,0,0,0
전북,재활용 가능자원 분리배출,폐가구류,,414.6,414.6,0,0,0,414.6,0,0,0,0,0,0,0,0,0,0,0
전북,재활용 가능자원 분리배출,기타,,1501.9,1501.9,0,0,0,1501.2,0,0,0,0,0,0,0,0.7,0,0,0
전북,재활용 가능자원 분리배출,재활용 잔재물,,36980.8,17687.3,13287.2,6006.3,0,7989.3,12161.2,5658.5,0,0,0,0,0,9698,1126,347.8,0
전북,음식물류 폐기물 분리배출,,,221705.9,221039.2,0,666.7,0,104122.9,0,666.7,0,196.3,0,0,0,116720,0,0,0
전남,합계,,,650020.5,255091,137129,236183.2,21617.3,173273.6,132666.9,232558.9,21610,984,0,0,7.3,80833.4,4462.1,3624.3,0
전남,혼합배출,소계,,367104.8,15428.9,120237,211021.9,20417,13950.5,115774.9,207397.6,20417,0,0,0,0,1478.4,4462.1,3624.3,0
전남,혼합배출,가연성,소계,333564.7,12759.4,112728.8,189036.9,19039.6,12458.2,108457.3,186217.9,19039.6,0,0,0,0,301.2,4271.5,2819,0
전남,혼합배출,가연성,폐지류,109804.3,4070.7,35566.9,64547.2,5619.5,4070.7,35482.3,63678.2,5619.5,0,0,0,0,0,84.6,869,0
전남,혼합배출,가연성,폐합성수지류,85776.2,5063.1,28623.1,48351.4,3738.6,5063.1,25270.1,47562.4,3738.6,0,0,0,0,0,3353,789,0
전남,혼합배출,가연성,폐고무류,5741,174.7,3293.2,2072.5,200.6,174.7,3247.3,2025.5,200.6,0,0,0,0,0,45.9,47,0
전남,혼합배출,가연성,폐섬유류,19868.8,257.1,11804.2,7005,802.5,257.1,11758.3,6975,802.5,0,0,0,0,0,45.9,30,0
전남,혼합배출,가연성,음식물류 폐기물,23935,388.7,9524.1,12953.5,1068.7,388.7,9494,12744.5,1068.7,0,0,0,0,0,30.1,209,0
전남,혼합배출,가연성,폐목재류,9805.4,552.4,4380.4,4455.9,416.7,251.2,3873.5,4370.9,416.7,0,0,0,0,301.2,506.9,85,0
전남,혼합배출,가연성,기타,78634,2252.7,19536.9,49651.4,7193,2252.7,19331.8,48861.4,7193,0,0,0,0,0,205.1,790,0
전남,혼합배출,불연성,소계,31985,1478.8,7331.8,21797,1377.4,1478.8,7153.6,20991.7,1377.4,0,0,0,0,0,178.2,805.3,0
전남,혼합배출,불연성,폐금속류,9148.3,627.3,1658.1,6475.2,387.7,627.3,1628.4,6285.2,387.7,0,0,0,0,0,29.7,190,0
전남,혼합배출,불연성,폐유리류,11433.9,454.7,3351.3,6999,628.9,454.7,3321.6,6789,628.9,0,0,0,0,0,29.7,210,0
전남,혼합배출,불연성,폐토사류,2057.7,60,744.3,1214.8,38.6,60,714.6,1174.8,38.6,0,0,0,0,0,29.7,40,0
전남,혼합배출,불연성,폐타일 및 도자기류,718.3,46.3,112.9,534,25.1,46.3,83.2,404,25.1,0,0,0,0,0,29.7,130,0
전남,혼합배출,불연성,연탄재,1592.4,73.4,119.8,1268,131.2,73.4,90.1,1218,131.2,0,0,0,0,0,29.7,50,0
전남,혼합배출,불연성,기타,7034.4,217.1,1345.4,5306,165.9,217.1,1315.7,5120.7,165.9,0,0,0,0,0,29.7,185.3,0
전남,혼합배출,건설폐재류,건설폐재류(공사장생활폐기물),144.4,30.2,3,111.2,0,0,3,111.2,0,0,0,0,0,30.2,0,0,0
전남,혼합배출,기타(배출불명등),,1410.7,1160.5,173.4,76.8,0,13.5,161,76.8,0,0,0,0,0,1147,12.4,0,0
전남,재활용 가능자원 분리배출,소계,,88980.2,81093.8,3418,4078.4,390,53625.6,3418,4078.4,390,0,0,0,0,27468.2,0,0,0
전남,재활용 가능자원 분리배출,폐지류,종이팩,914.1,914.1,0,0,0,843.7,0,0,0,0,0,0,0,70.4,0,0,0
전남,재활용 가능자원 분리배출,폐지류,기타,10524.4,10524.4,0,0,0,6098.5,0,0,0,0,0,0,0,4425.9,0,0,0
전남,재활용 가능자원 분리배출,고철류,,2225.3,2225.3,0,0,0,1200.5,0,0,0,0,0,0,0,1024.8,0,0,0
전남,재활용 가능자원 분리배출,금속캔,,1519.7,1519.7,0,0,0,1050,0,0,0,0,0,0,0,469.7,0,0,0
전남,재활용 가능자원 분리배출,폐합성수지류,비닐류,5604.5,5604.5,0,0,0,4700.8,0,0,0,0,0,0,0,903.7,0,0,0
전남,재활용 가능자원 분리배출,폐합성수지류,발포수지류,664.6,664.6,0,0,0,582.9,0,0,0,0,0,0,0,81.7,0,0,0
전남,재활용 가능자원 분리배출,폐합성수지류,PET병,3164.7,3164.7,0,0,0,2283.1,0,0,0,0,0,0,0,881.6,0,0,0
전남,재활용 가능자원 분리배출,폐합성수지류,기타,2748,2748,0,0,0,1995.5,0,0,0,0,0,0,0,752.5,0,0,0
전남,재활용 가능자원 분리배출,폐고무류,,88.1,88.1,0,0,0,23.2,0,0,0,0,0,0,0,64.9,0,0,0
전남,재활용 가능자원 분리배출,폐유리병류,,4048,4048,0,0,0,3170.1,0,0,0,0,0,0,0,877.9,0,0,0
전남,재활용 가능자원 분리배출,폐의류,,816.5,816.5,0,0,0,354.5,0,0,0,0,0,0,0,462,0,0,0
전남,재활용 가능자원 분리배출,폐섬유류,,26,26,0,0,0,0,0,0,0,0,0,0,0,26,0,0,0
전남,재활용 가능자원 분리배출,조명폐기물,,429.1,429.1,0,0,0,357.6,0,0,0,0,0,0,0,71.5,0,0,0
전남,재활용 가능자원 분리배출,폐전지류,,122.7,122.7,0,0,0,55,0,0,0,0,0,0,0,67.7,0,0,0
전남,재활용 가능자원 분리배출,영농폐기물,농약용기류,364.9,364.9,0,0,0,286.7,0,0,0,0,0,0,0,78.2,0,0,0
전남,재활용 가능자원 분리배출,영농폐기물,폐비닐,28297.9,28297.9,0,0,0,25113.6,0,0,0,0,0,0,0,3184.3,0,0,0
전남,재활용 가능자원 분리배출,폐식용유,,27,27,0,0,0,0,0,0,0,0,0,0,0,27,0,0,0
전남,재활용 가능자원 분리배출,폐전기전자제품,,3411,3411,0,0,0,2852.9,0,0,0,0,0,0,0,558.1,0,0,0
전남,재활용 가능자원 분리배출,폐가구류,,117.5,117.5,0,0,0,99.5,0,0,0,0,0,0,0,18,0,0,0
전남,재활용 가능자원 분리배출,기타,,15049.5,15049.5,0,0,0,1627.2,0,0,0,0,0,0,0,13422.3,0,0,0
전남,재활용 가능자원 분리배출,재활용 잔재물,,8816.7,930.3,3418,4078.4,390,930.3,3418,4078.4,390,0,0,0,0,0,0,0,0
전남,음식물류 폐기물 분리배출,,,193935.5,158568.3,13474,21082.9,810.3,105697.5,13474,21082.9,803,984,0,0,7.3,51886.8,0,0,0
경북,합계,,,903107.9,337581.1,456366.9,107134.9,2025,156127.2,375885,107134.9,2025,1646.2,124,0,0,179807.7,80357.9,0,0
경북,혼합배출,소계,,570302.7,35315.9,433366.5,99682.6,1937.7,12127.3,353008.6,99682.6,1937.7,0,0,0,0,23188.6,80357.9,0,0
경북,혼합배출,가연성,소계,481027.7,32901.9,407302.8,39783.3,1039.7,9993.5,334216.1,39783.3,1039.7,0,0,0,0,22908.4,73086.7,0,0
경북,혼합배출,가연성,폐지류,125295.4,2887,111565.8,10842.6,0,2455.1,93727.5,10842.6,0,0,0,0,0,431.9,17838.3,0,0
경북,혼합배출,가연성,폐합성수지류,126873.2,8045.4,109340.7,9487.1,0,3086.3,91105.5,9487.1,0,0,0,0,0,4959.1,18235.2,0,0
경북,혼합배출,가연성,폐고무류,7332.8,368,6121.4,843.4,0,368,4453.3,843.4,0,0,0,0,0,0,1668.1,0,0
경북,혼합배출,가연성,폐섬유류,24764.1,630.5,21792,2341.6,0,630.5,18457.1,2341.6,0,0,0,0,0,0,3334.9,0,0
경북,혼합배출,가연성,음식물류 폐기물,34820.9,3839.6,27601.7,3379.6,0,2118.6,22141.2,3379.6,0,0,0,0,0,1721,5460.5,0,0
경북,혼합배출,가연성,폐목재류,30612.6,15506.2,12965.8,1100.9,1039.7,453.8,10644.3,1100.9,1039.7,0,0,0,0,15052.4,2321.5,0,0
경북,혼합배출,가연성,기타,131328.7,1625.2,117915.4,11788.1,0,881.2,93687.2,11788.1,0,0,0,0,0,744,24228.2,0,0
경북,혼합배출,불연성,소계,67055,1637,20668.1,43851.9,898,1356.8,17891.4,43851.9,898,0,0,0,0,280.2,2776.7,0,0
경북,혼합배출,불연성,폐금속류,10383,864.1,4893.2,4625.7,0,624.7,4223.2,4625.7,0,0,0,0,0,239.4,670,0,0
경북,혼합배출,불연성,폐유리류,16773.4,772.9,8246.2,7754.3,0,732.1,6963.7,7754.3,0,0,0,0,0,40.8,1282.5,0,0
경북,혼합배출,불연성,폐토사류,8266.2,0,847.1,7419.1,0,0,789.1,7419.1,0,0,0,0,0,0,58,0,0
경북,혼합배출,불연성,폐타일 및 도자기류,3224.1,0,528.1,2696,0,0,454.2,2696,0,0,0,0,0,0,73.9,0,0
경북,혼합배출,불연성,연탄재,2869.7,0,651.1,2218.6,0,0,649.1,2218.6,0,0,0,0,0,0,2,0,0
경북,혼합배출,불연성,기타,25538.6,0,5502.4,19138.2,898,0,4812.1,19138.2,898,0,0,0,0,0,690.3,0,0
경북,혼합배출,건설폐재류,건설폐재류(공사장생활폐기물),14247.4,0,803.6,13443.8,0,0,803.6,13443.8,0,0,0,0,0,0,0,0,0
경북,혼합배출,기타(배출불명등),,7972.6,777,4592,2603.6,0,777,97.5,2603.6,0,0,0,0,0,0,4494.5,0,0
경북,재활용 가능자원 분리배출,소계,,108748.2,93131.4,12110.5,3419,87.3,54752.1,11986.5,3419,87.3,0,124,0,0,38379.3,0,0,0
경북,재활용 가능자원 분리배출,폐지류,종이팩,701.1,701.1,0,0,0,400.4,0,0,0,0,0,0,0,300.7,0,0,0
경북,재활용 가능자원 분리배출,폐지류,기타,20241,20241,0,0,0,5831.8,0,0,0,0,0,0,0,14409.2,0,0,0
경북,재활용 가능자원 분리배출,고철류,,2405.5,2405.5,0,0,0,1607.8,0,0,0,0,0,0,0,797.7,0,0,0
경북,재활용 가능자원 분리배출,금속캔,,2085.1,2085.1,0,0,0,1332.3,0,0,0,0,0,0,0,752.8,0,0,0
경북,재활용 가능자원 분리배출,폐합성수지류,비닐류,2414.1,2414.1,0,0,0,2257.5,0,0,0,0,0,0,0,156.6,0,0,0
경북,재활용 가능자원 분리배출,폐합성수지류,발포수지류,1174.1,1174.1,0,0,0,945.3,0,0,0,0,0,0,0,228.8,0,0,0
경북,재활용 가능자원 분리배출,폐합성수지류,PET병,8962.5,8962.5,0,0,0,4817.7,0,0,0,0,0,0,0,4144.8,0,0,0
경북,재활용 가능자원 분리배출,폐합성수지류,기타,6699.7,6699.7,0,0,0,4180.1,0,0,0,0,0,0,0,2519.6,0,0,0
경북,재활용 가능자원 분리배출,폐고무류,,9.4,9.4,0,0,0,7.3,0,0,0,0,0,0,0,2.1,0,0,0
경북,재활용 가능자원 분리배출,폐유리병류,,9018.3,9018.3,0,0,0,6248.6,0,0,0,0,0,0,0,2769.7,0,0,0
경북,재활용 가능자원 분리배출,폐의류,,552,552,0,0,0,56.2,0,0,0,0,0,0,0,495.8,0,0,0
경북,재활용 가능자원 분리배출,폐섬유류,,0,0,0,0,0,0,0,0,0,0,0,0,0,0,0,0,0
경북,재활용 가능자원 분리배출,조명폐기물,,195.9,195.9,0,0,0,101.2,0,0,0,0,0,0,0,94.7,0,0,0
경북,재활용 가능자원 분리배출,폐전지류,,227.4,227.4,0,0,0,91,0,0,0,0,0,0,0,136.4,0,0,0
경북,재활용 가능자원 분리배출,영농폐기물,농약용기류,456.1,456.1,0,0,0,283.8,0,0,0,0,0,0,0,172.3,0,0,0
경북,재활용 가능자원 분리배출,영농폐기물,폐비닐,22943.3,22943.3,0,0,0,16812.9,0,0,0,0,0,0,0,6130.4,0,0,0
경북,재활용 가능자원 분리배출,폐식용유,,13.5,13.5,0,0,0,0,0,0,0,0,0,0,0,13.5,0,0,0
경북,재활용 가능자원 분리배출,폐전기전자제품,,4855.4,4855.4,0,0,0,3022.4,0,0,0,0,0,0,0,1833,0,0,0
경북,재활용 가능자원 분리배출,폐가구류,,2525.2,2525.2,0,0,0,0,0,0,0,0,0,0,0,2525.2,0,0,0
경북,재활용 가능자원 분리배출,기타,,868.7,868.7,0,0,0,377.1,0,0,0,0,0,0,0,491.6,0,0,0
경북,재활용 가능자원 분리배출,재활용 잔재물,,22399.9,6783.1,12110.5,3419,87.3,6378.7,11986.5,3419,87.3,0,124,0,0,404.4,0,0,0
경북,음식물류 폐기물 분리배출,,,224057,209133.8,10889.9,4033.3,0,89247.8,10889.9,4033.3,0,1646.2,0,0,0,118239.8,0,0,0
경남,합계,,,1270196.9,642172.9,393281.7,220772.3,13970,361609.8,393281.7,217510,13970,2812.9,0,0,0,277750.2,0,3262.3,0
경남,혼합배출,소계,,607891.1,25264.2,359863.6,208793.3,13970,5157.8,359863.6,208793.3,13970,0,0,0,0,20106.4,0,0,0
경남,혼합배출,가연성,소계,473850.5,23810.8,330762.6,106239.5,13037.6,4288.8,330762.6,106239.5,13037.6,0,0,0,0,19522,0,0,0
경남,혼합배출,가연성,폐지류,104618.3,4869.1,67583.1,27055,5111.1,1665.6,67583.1,27055,5111.1,0,0,0,0,3203.5,0,0,0
경남,혼합배출,가연성,폐합성수지류,87379.5,11081.6,48329.8,24284.6,3683.5,1282.8,48329.8,24284.6,3683.5,0,0,0,0,9798.8,0,0,0
경남,혼합배출,가연성,폐고무류,6140.7,42.9,4524.2,1573.6,0,42.9,4524.2,1573.6,0,0,0,0,0,0,0,0,0
경남,혼합배출,가연성,폐섬유류,26260.3,1279.8,16760.9,6452.3,1767.3,166,16760.9,6452.3,1767.3,0,0,0,0,1113.8,0,0,0
경남,혼합배출,가연성,음식물류 폐기물,31417.2,1704,21327.6,6052.5,2333.1,241.7,21327.6,6052.5,2333.1,0,0,0,0,1462.3,0,0,0
경남,혼합배출,가연성,폐목재류,27205.9,4063.1,17356,5644.2,142.6,119.5,17356,5644.2,142.6,0,0,0,0,3943.6,0,0,0
경남,혼합배출,가연성,기타,190828.6,770.3,154881,35177.3,0,770.3,154881,35177.3,0,0,0,0,0,0,0,0,0
경남,혼합배출,불연성,소계,87657.2,1449.3,12842.5,72433,932.4,864.9,12842.5,72433,932.4,0,0,0,0,584.4,0,0,0
경남,혼합배출,불연성,폐금속류,14705.7,597.9,5367.7,8267.5,472.6,301.7,5367.7,8267.5,472.6,0,0,0,0,296.2,0,0,0
경남,혼합배출,불연성,폐유리류,23543.4,708,5284.6,17091,459.8,419.8,5284.6,17091,459.8,0,0,0,0,288.2,0,0,0
경남,혼합배출,불연성,폐토사류,6008.3,42.9,363.2,5602.2,0,42.9,363.2,5602.2,0,0,0,0,0,0,0,0,0
경남,혼합배출,불연성,폐타일 및 도자기류,6215.1,13.9,114.7,6086.5,0,13.9,114.7,6086.5,0,0,0,0,0,0,0,0,0
경남,혼합배출,불연성,연탄재,1438.2,15.1,86.9,1336.2,0,15.1,86.9,1336.2,0,0,0,0,0,0,0,0,0
경남,혼합배출,불연성,기타,35746.5,71.5,1625.4,34049.6,0,71.5,1625.4,34049.6,0,0,0,0,0,0,0,0,0
경남,혼합배출,건설폐재류,건설폐재류(공사장생활폐기물),25103.4,0,11374.3,13729.1,0,0,11374.3,13729.1,0,0,0,0,0,0,0,0,0
경남,혼합배출,기타(배출불명등),,21280,4.1,4884.2,16391.7,0,4.1,4884.2,16391.7,0,0,0,0,0,0,0,0,0
경남,재활용 가능자원 분리배출,소계,,353707.6,323014.9,23137.7,7555,0,120024.1,23137.7,4292.7,0,0,0,0,0,202990.8,0,3262.3,0
경남,재활용 가능자원 분리배출,폐지류,종이팩,6512.5,6512.5,0,0,0,1903.7,0,0,0,0,0,0,0,4608.8,0,0,0
경남,재활용 가능자원 분리배출,폐지류,기타,84312.5,84312.5,0,0,0,16481.8,0,0,0,0,0,0,0,67830.7,0,0,0
경남,재활용 가능자원 분리배출,고철류,,36605.4,36605.4,0,0,0,6280.5,0,0,0,0,0,0,0,30324.9,0,0,0
경남,재활용 가능자원 분리배출,금속캔,,12505.4,12505.4,0,0,0,5247.2,0,0,0,0,0,0,0,7258.2,0,0,0
경남,재활용 가능자원 분리배출,폐합성수지류,비닐류,21012,21012,0,0,0,16159.5,0,0,0,0,0,0,0,4852.5,0,0,0
경남,재활용 가능자원 분리배출,폐합성수지류,발포수지류,6252.3,6252.3,0,0,0,1823.9,0,0,0,0,0,0,0,4428.4,0,0,0
경남,재활용 가능자원 분리배출,폐합성수지류,PET병,22636.2,22636.2,0,0,0,9414.7,0,0,0,0,0,0,0,13221.5,0,0,0
경남,재활용 가능자원 분리배출,폐합성수지류,기타,23530,23530,0,0,0,6158.8,0,0,0,0,0,0,0,17371.2,0,0,0
경남,재활용 가능자원 분리배출,폐고무류,,8344.1,8344.1,0,0,0,52.2,0,0,0,0,0,0,0,8291.9,0,0,0
경남,재활용 가능자원 분리배출,폐유리병류,,21168.9,21168.9,0,0,0,13125.2,0,0,0,0,0,0,0,8043.7,0,0,0
경남,재활용 가능자원 분리배출,폐의류,,4169.1,4169.1,0,0,0,1828.6,0,0,0,0,0,0,0,2340.5,0,0,0
경남,재활용 가능자원 분리배출,폐섬유류,,25.2,25.2,0,0,0,10.3,0,0,0,0,0,0,0,14.9,0,0,0
경남,재활용 가능자원 분리배출,조명폐기물,,221.5,221.5,0,0,0,215.2,0,0,0,0,0,0,0,6.3,0,0,0
경남,재활용 가능자원 분리배출,폐전지류,,184.4,184.4,0,0,0,158.6,0,0,0,0,0,0,0,25.8,0,0,0
경남,재활용 가능자원 분리배출,영농폐기물,농약용기류,293.4,293.4,0,0,0,166.4,0,0,0,0,0,0,0,127,0,0,0
경남,재활용 가능자원 분리배출,영농폐기물,폐비닐,18288.9,18288.9,0,0,0,11725,0,0,0,0,0,0,0,6563.9,0,0,0
경남,재활용 가능자원 분리배출,폐식용유,,220,220,0,0,0,0,0,0,0,0,0,0,0,220,0,0,0
경남,재활용 가능자원 분리배출,폐전기전자제품,,4131.6,4131.6,0,0,0,3606.1,0,0,0,0,0,0,0,525.5,0,0,0
경남,재활용 가능자원 분리배출,폐가구류,,17822.5,17822.5,0,0,0,17822.5,0,0,0,0,0,0,0,0,0,0,0
경남,재활용 가능자원 분리배출,기타,,30607.4,30607.4,0,0,0,6853.5,0,0,0,0,0,0,0,23753.9,0,0,0
경남,재활용 가능자원 분리배출,재활용 잔재물,,34864.3,4171.6,23137.7,7555,0,990.4,23137.7,4292.7,0,0,0,0,0,3181.2,0,3262.3,0
경남,음식물류 폐기물 분리배출,,,308598.2,293893.8,10280.4,4424,0,236427.9,10280.4,4424,0,2812.9,0,0,0,54653,0,0,0
제주,합계,,,417739.7,261898.1,136694.6,19147,0,95694.8,136694.6,19147,0,1960.2,0,0,0,164243.1,0,0,0
제주,혼합배출,소계,,142844.3,0,125914.3,16930,0,0,125914.3,16930,0,0,0,0,0,0,0,0,0
제주,혼합배출,가연성,소계,129645.1,0,123785.5,5859.6,0,0,123785.5,5859.6,0,0,0,0,0,0,0,0,0
제주,혼합배출,가연성,폐지류,40450.6,0,40175.7,274.9,0,0,40175.7,274.9,0,0,0,0,0,0,0,0,0
제주,혼합배출,가연성,폐합성수지류,31938.1,0,31507.8,430.3,0,0,31507.8,430.3,0,0,0,0,0,0,0,0,0
제주,혼합배출,가연성,폐고무류,1419.2,0,1409.4,9.8,0,0,1409.4,9.8,0,0,0,0,0,0,0,0,0
제주,혼합배출,가연성,폐섬유류,5695.7,0,5656.4,39.3,0,0,5656.4,39.3,0,0,0,0,0,0,0,0,0
제주,혼합배출,가연성,음식물류 폐기물,7577.9,0,7525.6,52.3,0,0,7525.6,52.3,0,0,0,0,0,0,0,0,0
제주,혼합배출,가연성,폐목재류,3946.3,0,3925.9,20.4,0,0,3925.9,20.4,0,0,0,0,0,0,0,0,0
제주,혼합배출,가연성,기타,38617.3,0,33584.7,5032.6,0,0,33584.7,5032.6,0,0,0,0,0,0,0,0,0
제주,혼합배출,불연성,소계,10262.3,0,2128.8,8133.5,0,0,2128.8,8133.5,0,0,0,0,0,0,0,0,0
제주,혼합배출,불연성,폐금속류,2839.8,0,596.4,2243.4,0,0,596.4,2243.4,0,0,0,0,0,0,0,0,0
제주,혼합배출,불연성,폐유리류,4623.5,0,975,3648.5,0,0,975,3648.5,0,0,0,0,0,0,0,0,0
제주,혼합배출,불연성,폐토사류,428.5,0,59.6,368.9,0,0,59.6,368.9,0,0,0,0,0,0,0,0,0
제주,혼합배출,불연성,폐타일 및 도자기류,188,0,38.6,149.4,0,0,38.6,149.4,0,0,0,0,0,0,0,0,0
제주,혼합배출,불연성,연탄재,966.3,0,202.8,763.5,0,0,202.8,763.5,0,0,0,0,0,0,0,0,0
제주,혼합배출,불연성,기타,1216.2,0,256.4,959.8,0,0,256.4,959.8,0,0,0,0,0,0,0,0,0
제주,혼합배출,건설폐재류,건설폐재류(공사장생활폐기물),2936.9,0,0,2936.9,0,0,0,2936.9,0,0,0,0,0,0,0,0,0
제주,혼합배출,기타(배출불명등),,0,0,0,0,0,0,0,0,0,0,0,0,0,0,0,0,0
제주,재활용 가능자원 분리배출,소계,,193663.2,180665.9,10780.3,2217,0,17683.6,10780.3,2217,0,0,0,0,0,162982.3,0,0,0
제주,재활용 가능자원 분리배출,폐지류,종이팩,396.7,396.7,0,0,0,236.5,0,0,0,0,0,0,0,160.2,0,0,0
제주,재활용 가능자원 분리배출,폐지류,기타,75355.8,75355.8,0,0,0,5939.5,0,0,0,0,0,0,0,69416.3,0,0,0
제주,재활용 가능자원 분리배출,고철류,,46710.6,46710.6,0,0,0,432.5,0,0,0,0,0,0,0,46278.1,0,0,0
제주,재활용 가능자원 분리배출,금속캔,,5553.5,5553.5,0,0,0,1110.2,0,0,0,0,0,0,0,4443.3,0,0,0
제주,재활용 가능자원 분리배출,폐합성수지류,비닐류,4695.9,4695.9,0,0,0,3050.9,0,0,0,0,0,0,0,1645,0,0,0
제주,재활용 가능자원 분리배출,폐합성수지류,발포수지류,580.8,580.8,0,0,0,269.6,0,0,0,0,0,0,0,311.2,0,0,0
제주,재활용 가능자원 분리배출,폐합성수지류,PET병,4202.1,4202.1,0,0,0,2270.1,0,0,0,0,0,0,0,1932,0,0,0
제주,재활용 가능자원 분리배출,폐합성수지류,기타,5009.5,5009.5,0,0,0,3545.7,0,0,0,0,0,0,0,1463.8,0,0,0
제주,재활용 가능자원 분리배출,폐고무류,,0,0,0,0,0,0,0,0,0,0,0,0,0,0,0,0,0
제주,재활용 가능자원 분리배출,폐유리병류,,9082.1,9082.1,0,0,0,503.3,0,0,0,0,0,0,0,8578.8,0,0,0
제주,재활용 가능자원 분리배출,폐의류,,68,68,0,0,0,0,0,0,0,0,0,0,0,68,0,0,0
제주,재활용 가능자원 분리배출,폐섬유류,,0,0,0,0,0,0,0,0,0,0,0,0,0,0,0,0,0
제주,재활용 가능자원 분리배출,조명폐기물,,82.7,82.7,0,0,0,0,0,0,0,0,0,0,0,82.7,0,0,0
제주,재활용 가능자원 분리배출,폐전지류,,50.4,50.4,0,0,0,0,0,0,0,0,0,0,0,50.4,0,0,0
제주,재활용 가능자원 분리배출,영농폐기물,농약용기류,176.7,176.7,0,0,0,0,0,0,0,0,0,0,0,176.7,0,0,0
제주,재활용 가능자원 분리배출,영농폐기물,폐비닐,5556.2,5556.2,0,0,0,0,0,0,0,0,0,0,0,5556.2,0,0,0
제주,재활용 가능자원 분리배출,폐식용유,,0,0,0,0,0,0,0,0,0,0,0,0,0,0,0,0,0
제주,재활용 가능자원 분리배출,폐전기전자제품,,5676,5676,0,0,0,0,0,0,0,0,0,0,0,5676,0,0,0
제주,재활용 가능자원 분리배출,폐가구류,,0,0,0,0,0,0,0,0,0,0,0,0,0,0,0,0,0
제주,재활용 가능자원 분리배출,기타,,17468.9,17468.9,0,0,0,325.3,0,0,0,0,0,0,0,17143.6,0,0,0
제주,재활용 가능자원 분리배출,재활용 잔재물,,12997.3,0,10780.3,2217,0,0,10780.3,2217,0,0,0,0,0,0,0,0,0
제주,음식물류 폐기물 분리배출,,,81232.2,81232.2,0,0,0,78011.2,0,0,0,1960.2,0,0,0,1260.8,0,0,0